"[팩트체크] ""팔짱 낀 김정숙 여사 외교 결례""? 진실은..",https://news.v.daum.net/v/20190701213837629,7
독이 된 황교안의 '가벼운 입',https://news.v.daum.net/v/20190701060005135,7
밀착 보좌' 현송월..지켜보는 김여정,https://news.v.daum.net/v/20190701064400698,7
"정부 ""日 對韓수출 제한땐 WTO 제소 검토"".. 업계 ""대비해 왔다""",https://news.v.daum.net/v/20190701030238839,7
"통상분쟁으로 번진 외교갈등..정부, 日수출규제에 '강대강' 응수",https://news.v.daum.net/v/20190701172840891,7
"장정욱 ""日 경제보복 대응, 일본차 불매운동이 더 효과적""",https://news.v.daum.net/v/20190702085400190,7
"日정부 보복조치에 日기업도 불만..""한국은 큰 단골..역풍 우려""",https://news.v.daum.net/v/20190702134345127,7
"""日정부, 반도체 소재 수출규제 5월에 결정..비자 제한도 고려""",https://news.v.daum.net/v/20190702091730953,7
日 '반도체 소재 수출규제'로 발등 찍나..日기업 '우려' 이어져,https://news.v.daum.net/v/20190702102720850,7
"日아베, 한국 상대 경제보복 조치에 ""WTO 규칙에 맞다"" 주장",https://news.v.daum.net/v/20190702075558928,7
아베 경제보복'에 애플·소니·화웨이가 긴장한 이유,https://news.v.daum.net/v/20190703111320740,7
"김정은, 북미정상 판문점 만남 직후 文대통령에 ""고맙다"" 전해",https://news.v.daum.net/v/20190703155623371,7
대일 보복카드는 자동차 수입·반도체 수출 규제..맞불작전 고심,https://news.v.daum.net/v/20190703050606343,7
"일본, 한국 수출 추가 규제 검토..외신 ""어리석은 보복 철회""",https://news.v.daum.net/v/20190703214436930,7
"김상조 ""일본, 가장 아픈 1~3번 집어내""..준비 치밀",https://news.v.daum.net/v/20190703214235915,7
연료용 경유 99%..日에도 韓 의존도 큰 수입품 있다,https://news.v.daum.net/v/20190704050304117,7
"""함께 망해""..한국 수출 규제에 일본 내 '부메랑'론",https://news.v.daum.net/v/20190704102153848,7
"나경원 연설에 與 ""일하는 국회 답 없어""..野3당 ""후안무치""",https://news.v.daum.net/v/20190704140400429,7
"침묵하던 靑, '단호한 대응' 의지 천명..日에 '맞불 카드'(종합)",https://news.v.daum.net/v/20190704215226845,7
"北신문, 연일 日 맹비난..""무조건적 과거청산"" 촉구",https://news.v.daum.net/v/20190704113452247,7
"반일 여론 고조..'日 안가고, 안쓴다' 본격적 움직임",https://news.v.daum.net/v/20190705060011704,7
"""일본 안 가고, 안 쓰고, 안 팔아""..국민들도 움직인다",https://news.v.daum.net/v/20190705202105574,7
"일본산 소재 통관 사실상 중단돼..""이틀째 허가 나온 곳 없어""",https://news.v.daum.net/v/20190705144615029,7
"유니클로 매출 17%↓..""역효과 날라"" 日제품 TV PPL도 취소",https://news.v.daum.net/v/20190705173914235,7
"""일본 제품 안 팔고 안 산다"" 불매운동 전방위 확산되나",https://news.v.daum.net/v/20190705121617985,7
"Q&A로 풀어보는 일본의 반도체 수출 규제, 아예 수입을 못하는 건가요?",https://news.v.daum.net/v/20190706060104606,7
[팩트와이] 나경원 '근로기준법 발언' 논란..어디까지 사실일까?,https://news.v.daum.net/v/20190706223709844,7
"국제법 상식' 운운한 아베..법조계 ""강제징용 판결 몰이해""",https://news.v.daum.net/v/20190706090006905,7
"텅 빈 日 제품 판매대..전국 동네마트들 ""불매운동 동참""",https://news.v.daum.net/v/20190706202707442,7
일본의 타깃'이라지만.. 삼성전자 여파 당장은 제한적일 듯,https://news.v.daum.net/v/20190706044234240,7
한일 경제전쟁' 주판알 튕기는 美中..화웨이에 '불똥',https://news.v.daum.net/v/20190707070012767,7
"아베 ""韓, 국가간 약속도 안지키는데 무역 관리 지키겠나""",https://news.v.daum.net/v/20190707121249633,7
한국은 '근로자 개념'부터 잘못됐다고 본 EU,https://news.v.daum.net/v/20190707213408919,7
황교안號 '내우외환'..지지율 하락에 당내 위기감 고조,https://news.v.daum.net/v/20190707060304274,7
"日언론 ""트럼프, 文대통령에 '남북경협 사업 재개' 반대 의사""",https://news.v.daum.net/v/20190707092546047,7
"54년간 708조 적자..한국, 일본에 무역적자 아닌 적 없었다",https://news.v.daum.net/v/20190708000652209,7
[앵커브리핑] '운 좋게도 한국전쟁이 일어나서..',https://news.v.daum.net/v/20190708214826112,7
"日아베, 선거연설 일정 비공개..유세장서 ""그만두라"" 야유 받아",https://news.v.daum.net/v/20190708100822046,7
"김용철 전 삼성 법무팀장 ""1999년 황교안에게 상품권 줬다""(종합)",https://news.v.daum.net/v/20190708195654754,7
"文대통령 ""한국기업 피해 발생하면 대응..일본 조치 철회 촉구""",https://news.v.daum.net/v/20190708150401843,7
"아베 ""유럽 어떤 곳도 한국 우대 안해, 이번에 특혜 없애겠다""",https://news.v.daum.net/v/20190709000731335,7
"日, '수출규제 철회·양국 협의' 文대통령 요구에 부정적 반응(종합)",https://news.v.daum.net/v/20190709111456932,7
"윤석열, 연차 내고 '부동시' 검사..진단서 국회 제출",https://news.v.daum.net/v/20190709153227319,7
"윤석열 청문회 막판 '위증 논란'..""변호사 소개"" 녹음파일 공개",https://news.v.daum.net/v/20190709021740022,7
"침묵하던 文, 日에 맞대응 가능성 시사하며 '정면돌파'",https://news.v.daum.net/v/20190709043300685,7
위증으로 역전된 '윤석열 검증'..한국·바른미래 공조 카드는,https://news.v.daum.net/v/20190710042700476,7
파묻었던 '일제 만행'..봉인 열릴까 두려운 아베,https://news.v.daum.net/v/20190710195807813,7
"홍남기 ""반도체 몇개월치 완제품 재고..기업 걱정은 소재 부품""",https://news.v.daum.net/v/20190710173706565,7
"박지원 ""조국, 법무장관 100% 기용될 것..윤석열, 임명돼야""",https://news.v.daum.net/v/20190710090606425,7
"홍준표, 윤석열 '변호사법 위반' 논란에..""단순 정보제공 별 문제 안 돼""",https://news.v.daum.net/v/20190710110349410,7
"""30명에게 전화해도 싫다더라""..장관 하래도 마다하는건 왜?",https://news.v.daum.net/v/20190711050210638,7
"유엔사, 한반도 유사시 日병력 제공 추진..국방부 ""日활동 안돼""(종합)",https://news.v.daum.net/v/20190711111336293,7
"불화나트륨, 日이 北에 주도적으로 밀수출했다",https://news.v.daum.net/v/20190711091224326,7
국정원 뇌물' 최경환 징역 5년 확정..의원직 상실(종합),https://news.v.daum.net/v/20190711112734252,7
"문재인 대통령→'북 대통령' 표기한 MBN, 중징계 예고",https://news.v.daum.net/v/20190711213600790,7
"[단독] ""러시아, 일 규제 불화수소 한국에 공급 제안""",https://news.v.daum.net/v/20190712050601626,7
"""Get it done!"" 외친 김현종.. 편도티켓 끊고 워싱턴行 '배수진'",https://news.v.daum.net/v/20190712030114814,7
"靑 ""러시아, '日규제' 불화수소 우리측에 공급 제안..검토 중",https://news.v.daum.net/v/20190712150521104,7
"北 무인소형 목선 1척, 강원 고성 해안가서 발견(상보)",https://news.v.daum.net/v/20190712120930704,7
"내년 최저임금 8천590원..2.9% 인상, 속도조절 현실화(종합2보)",https://news.v.daum.net/v/20190712075657828,7
"北 ""南과 대화해도 해결될게 없다..美와 직접해야 훨씬 생산적""",https://news.v.daum.net/v/20190713103329395,7
"국방부 ""해군 2함대 '거동수상자' 검거..부대병사였다""(종합)",https://news.v.daum.net/v/20190713092926510,7
"日 ""한국, 수출규제 철회 요구안했다""..韓 ""왜 딴소리 하냐""",https://news.v.daum.net/v/20190713051602567,7
"한국대표단 ""수출 규제 철회 요구했다""..日주장 정면반박",https://news.v.daum.net/v/20190713124118729,7
"靑 ""각오 단단히 하는 분위기""..日규제 추가 대응방안 고심",https://news.v.daum.net/v/20190713113243070,7
"강경해지는 文대통령.. 靑, 장기전 대비 카드 모색 [日'경제 보복']",https://news.v.daum.net/v/20190714185932404,7
추가보복 예고한 日..이번주 '한일전쟁' 최대 분기점,https://news.v.daum.net/v/20190714113902860,7
"日 ""백색국가 제외하겠다"" 통보..예산·세제·규제완화 총력 대응",https://news.v.daum.net/v/20190714202526614,7
"靑, 윤석열 보고서 재송부 불발시 ""25일 0시 임기 시작""",https://news.v.daum.net/v/20190714115009028,7
"[2보] 文대통령 ""3년내 최저임금 1만원 공약 못지켜..송구스럽다""",https://news.v.daum.net/v/20190714154011614,7
"""세월호 1척으로 이긴 文""..웃음 터뜨린 한국당",https://news.v.daum.net/v/20190715210014138,7
"한국당 황교안 대표, 日경제보복 조치 관련 기자회견",https://news.v.daum.net/v/20190715085204283,7
일본 '백색국가 제외'.. 통상분쟁 넘어 '한미일 3각안보' 균열 속셈,https://news.v.daum.net/v/20190715044251687,7
"조국, 日대응 보도자료 페북 유출..산업부도 몰랐다",https://news.v.daum.net/v/20190715070845298,7
"文대통령 ""日경제에 더큰 피해 경고..외교해결 장으로 돌아오라""",https://news.v.daum.net/v/20190715153017660,7
"정두언 전 의원, 숨진 채 발견 '유서 남겨'(상보)",https://news.v.daum.net/v/20190716170115214,7
"조국 ""조선·중앙 '매국적 제목'에 한국인으로서 강력 항의""",https://news.v.daum.net/v/20190716232600940,7
"日정부, 文대통령 '중대한 도전' 비판에 ""보복조치 아냐"" 딴청",https://news.v.daum.net/v/20190716120734889,7
정두언 전 의원 산에서 숨진 채 발견..유서 남겨,https://news.v.daum.net/v/20190716211357318,7
"우리공화당, 천막 자진철거..""160개 재설치할수도""(종합)",https://news.v.daum.net/v/20190716061805848,7
"""멋지게 정치했던 풍운아 정두언..미안하다더라""",https://news.v.daum.net/v/20190717040300414,7
"MB ""영어의 몸 되지않았다면 정두언 만나려 했는데..안타까워""",https://news.v.daum.net/v/20190717103015981,7
"한국당 또 '막말'.. 비난 들끓는데 ""문제없다"" 정면돌파",https://news.v.daum.net/v/20190717040615488,7
"한국당, ""박순자 '해당 행위' 심각""..징계절차 밟기로",https://news.v.daum.net/v/20190717155126187,7
"서해대교 잠망경 추정 신고..합참 ""수중침투 가능성 대비 조사 中""(종합2보)",https://news.v.daum.net/v/20190717112124297,7
[단독]김성원 의원 교통사고 병원行..비서가 '음주운전',https://news.v.daum.net/v/20190718091629442,7
文대통령 국정 지지율 50% 회복..대일 강경 기조에 여론 반전,https://news.v.daum.net/v/20190718085307634,7
서해 NLL에 최신 초고속 중형경비함정 태극 18호 배치,https://news.v.daum.net/v/20190718153718575,7
"박영선 ""대기업이 中企 불화수소 안쓴다""..최태원 ""품질의 문제""",https://news.v.daum.net/v/20190718131236507,7
"정의용 ""日, 곧 추가보복..한·일 군사정보협정 상황따라 재검토""",https://news.v.daum.net/v/20190718221701870,7
"일본 고노, 선 넘자.. 청와대 반나절 만에 ""한일군사협정 재검토할 수도""",https://news.v.daum.net/v/20190719210213705,7
"黃대표 ""대일특사 서둘러야"" 文대통령 ""무조건 보낼 일 아니다""",https://news.v.daum.net/v/20190719030137836,7
"靑 ""화이트국가 배제 땐 한일 군사정보협정 재검토""",https://news.v.daum.net/v/20190719044342535,7
"""文정권 계속되는 한 규제 계속""..日 '장기전' 태세",https://news.v.daum.net/v/20190719134119725,7
"한국당 쓴소리는 다 막말인가'..""정치인 아닌 세월호‧5.18 언급이 문제""",https://news.v.daum.net/v/20190719050027662,7
한국대사 초치' 日 고노 '무례' 발언에 외무성 간부도 놀라,https://news.v.daum.net/v/20190720085347985,7
"유승민 등장하자 왈칵 눈물..바른미래, 출구없는 내부갈등",https://news.v.daum.net/v/20190720050301052,7
"트럼프 ""문대통령이 한일갈등 관여 요청..둘다 원하면 관여할것""(종합2보)",https://news.v.daum.net/v/20190720043425950,7
"황교안 ""靑 회동 제대로 준비도 안돼..답답한 대답뿐""",https://news.v.daum.net/v/20190720131303218,7
치고 빠지는 우리공화당 '게릴라 천막'..난감한 서울시,https://news.v.daum.net/v/20190720051200097,7
"이인영, 한국당에 '작심발언'..""추경 처리한다, 할 때까지 기다린다""",https://news.v.daum.net/v/20190721123002987,7
"文대통령 ""수영선수권 현장 응원했으면""..靑참모 줄줄이 광주行",https://news.v.daum.net/v/20190721114435186,7
"민주 ""新친일"" 압박에 한국 ""靑·與 한심""..추경 물 건너가나",https://news.v.daum.net/v/20190721211422825,7
금융위원장 사의 표명..금융권 수장 연쇄 이동 불가피,https://news.v.daum.net/v/20190721060009225,7
"日아베 ""한국이 답변 가져오지 않으면 건설적 논의 안돼""",https://news.v.daum.net/v/20190721231252723,7
반일 감정' 확산 경계했던 한국당..지지율 잃고 '역풍' 직면,https://news.v.daum.net/v/20190722175521971,7
"""박지원 은퇴"" ""최고위 불참 의원 징계""..평화당 당권파 포문",https://news.v.daum.net/v/20190722143820733,7
"文대통령 지지율 51.8% 8개월래 최고..""단호한 대일 대응 영향""",https://news.v.daum.net/v/20190722080005497,7
"文대통령 ""지금껏 日 절대우위 하나씩 극복..우리는 할수 있다""",https://news.v.daum.net/v/20190722151815748,7
"심상정 ""이 마당에 한일 정상회담? 굴욕외교 떠미는 것""",https://news.v.daum.net/v/20190722092100601,7
"신뢰상실' 빌미로 보복한 日 ""군사정보보호협정 파기 고려안해""(종합)",https://news.v.daum.net/v/20190723164227223,7
"軍, 독도 영공침범 러 군용기에 경고사격..중·러 KADIZ 침입(종합2보)",https://news.v.daum.net/v/20190723120225810,7
"한국군 독도 영공 러 군용기 경고사격에 日 ""우리 영토다"" 도발",https://news.v.daum.net/v/20190723155207770,7
"김성태 ""남부지검장, 故정두언 수사""..검찰 ""무슨 소리?""",https://news.v.daum.net/v/20190723152603397,7
"문 대통령 ""일본 절대 우위 하나씩 추월.. 우린 할 수 있다""",https://news.v.daum.net/v/20190723040201668,7
조국 이르면 내일 교체..후임 민정수석에 김조원 사실상 내정,https://news.v.daum.net/v/20190724090004417,7
"러시아 ""기기 오작동, 침범 의도 없었다..깊은 유감표명""(종합)",https://news.v.daum.net/v/20190724115731670,7
"靑 ""러시아, 유감표명""..일본엔 ""日 구역만 갖고 입장내라"" 일침(종합)",https://news.v.daum.net/v/20190724140019982,7
"정부 ""日 수출규제, 징용판결 보복..대화도 외면"" WTO서 비판",https://news.v.daum.net/v/20190724234250291,7
"靑, 日 '독도 일본땅' 주장에 ""日 구역만 갖고 입장내라"" 일침",https://news.v.daum.net/v/20190724120657412,7
"나경원 ""내가 친일파라니 어이없어.. 초선 때 자위대 행사 간 건 실수""",https://news.v.daum.net/v/20190725230139571,7
"이총리, 日 공개경고..""상황 악화 땐 예기치 못한 사태 우려""(종합)",https://news.v.daum.net/v/20190725095548844,7
"[인터뷰] 나경원 ""친일파라고? 모욕적인 말.. 어이없다""",https://news.v.daum.net/v/20190725100900469,7
"정부 ""日 정치적 이유로 세계무역 교란"" 직격탄.. WTO 제소 만지작(종합)",https://news.v.daum.net/v/20190725132442841,7
日·중·러 이어 北까지 '격랑의 한반도'..文대통령 '악전고투',https://news.v.daum.net/v/20190725115656440,7
韓日 외교장관 20분 통화..수출규제·北미사일 발사 등 의견교환(종합),https://news.v.daum.net/v/20190726114905856,7
"KT 인사실무자 ""김성태 딸 인적성 불합격에 팀장 당황""",https://news.v.daum.net/v/20190726131328468,7
비서실장이 靑수석교체 직접 발표..떠나는 멤버들에 '힘싣기',https://news.v.daum.net/v/20190726165910769,7
윤석열 동기' 연수원 23기 요직 포진..'집단지도체제' 구축,https://news.v.daum.net/v/20190726163756214,7
"홍영표 의원 출석 ""국민께 송구..한국당 조사 응해야""",https://news.v.daum.net/v/20190726100303446,7
日에 美까지' 韓통상 이중고..WTO 개도국 제외시 농산물 우려(종합2보),https://news.v.daum.net/v/20190727130401774,7
"트럼프, WTO에 개도국 지위체계 시정압박..韓도 불공정사례 거론(종합)",https://news.v.daum.net/v/20190727040458332,7
"한국당 지지율 19%, 黃 취임 후 최저.. '고질병' 계파 싸움에 흔들리는 리더십",https://news.v.daum.net/v/20190727030732159,7
"경제전쟁 벌인 일본, 정작 미중 무역분쟁엔 ""보호주의 우려"" 지적",https://news.v.daum.net/v/20190727060005804,7
"적폐수사 이끈 '윤석열 사단' 3인방, 모두 검사장 승진",https://news.v.daum.net/v/20190727030446125,7
"궁색한 日입장 드러난 1차 국제여론전..정부, WTO 제소준비 박차",https://news.v.daum.net/v/20190728071104997,7
"합참 ""선원 3명 탄 北소형목선 어젯밤 동해 NLL 월선""(종합)",https://news.v.daum.net/v/20190728075109263,7
"조국, 靑 떠난 뒤 다시 對日여론전..조선·중앙 일부 보도 반박",https://news.v.daum.net/v/20190728112057133,7
"차명진 ""日 불매운동 퇴행적..국민의 저급한 반일감정""",https://news.v.daum.net/v/20190728132620809,7
불가근 불가원..'우리공화당 딜레마' 빠진 한국당,https://news.v.daum.net/v/20190728060306594,7
"민주당 지지율 43.2% 최고치..한국, 26.7%로 2주 연속 하락",https://news.v.daum.net/v/20190729081527980,7
장관급 만남 제의 또 거절한 日..미국 내에서도 우려 확산(종합),https://news.v.daum.net/v/20190729171128461,7
"김두관·이종걸 경찰 출석..""정치권 잘못 국민에 밝혀달라""",https://news.v.daum.net/v/20190729102505127,7
"""김성태, 딸 KT 이력서 직접 전달""..공소장 속 사건 전말",https://news.v.daum.net/v/20190729211818698,7
日 내달 2일 화이트리스트 제외?..文대통령 '전략게임' 고심,https://news.v.daum.net/v/20190729145847210,7
김성태 딸 특혜' 쏟아지는 증언..남은 승부는 법리다툼,https://news.v.daum.net/v/20190730060017617,7
"文대통령 ""이순신 장군 첫 승리 거둔 저도..역사적 의미 큰 곳""",https://news.v.daum.net/v/20190730170015684,7
[단독] 동해 EEZ도 위협하는 日..나포 위협에 정부 '비상령',https://news.v.daum.net/v/20190730090501227,7
"日언론 ""오래 못 갔던 한국 불매운동, 이번엔 이례적 장기화""",https://news.v.daum.net/v/20190730140310232,7
"""우리가 한국을 너무 몰랐다""..'보이콧 재팬'에 깜짝 놀란 일본",https://news.v.daum.net/v/20190730143354300,7
화이트리스트서 日 빼는 '맞보복'이냐 지소미아 연장 거부냐,https://news.v.daum.net/v/20190731050610262,7
"조국 전 민정수석, 서울대 교수직 내일 복직",https://news.v.daum.net/v/20190731171528883,7
"단체회장은 드러눕고, 의사들은 '文 대통령 비난 피켓'",https://news.v.daum.net/v/20190731205706612,7
"文정권 겨눈 검사들, 승진 탈락에 지방 발령(종합2보)",https://news.v.daum.net/v/20190731203130177,7
"[단독]문 대통령, 변호사 시절 '후일담' 이례적 소개..곽상도 ""토착왜구"" 주장에 우회 반박",https://news.v.daum.net/v/20190731060004643,7
"""日 고립된 섬나라로.."" 韓 역공카드 '지소미아 파기'",https://news.v.daum.net/v/20190801175202099,
"한일 외교수장 최종담판도 '무위'..日, 끝내 파국으로 몰아가나",https://news.v.daum.net/v/20190801143615039,
"[단독]아베측 ""韓정부, 日서 받은 돈으로 징용 배상을""",https://news.v.daum.net/v/20190801030149463,
"日아베 최측근 ""100% '韓 백색국가 제외 결정'으로 향할 것""",https://news.v.daum.net/v/20190801090245789,
"조국, '서울대 복직 비판' 보도에 ""맞으면서 가겠다""",https://news.v.daum.net/v/20190801152619688,
文대통령 국무회의 발언 최초 생중계..사실상 대국민 담화(종합 2보),https://news.v.daum.net/v/20190802115351769,
결국 韓경제 또 때리겠다는 日..목표는 '미래먹거리',https://news.v.daum.net/v/20190802045100789,
"[日 2차보복] 경제산업상, ""美에 충분히 설명""..韓 불매운동엔 ""부적절""(종합)",https://news.v.daum.net/v/20190802130815004,
"[한일 파국]日자위대, 韓백색국가 제외 불구 ""지소미아 매우 중요""",https://news.v.daum.net/v/20190802112452746,
"한국당 김재원, 술 냄새에 말도 어눌..초유의 음주 예산 심사",https://news.v.daum.net/v/20190802120047977,
"日, 韓 상응조치에 ""한국이야말로 냉정하게 대응해야"" 주장",https://news.v.daum.net/v/20190803091650883,
화이트리스트 맞보복·지소미아 파기.. 단계별 카드는,https://news.v.daum.net/v/20190803044305880,
"日외무 부대신, 억지·강변..文대통령 발언에 ""무례"" 주장",https://news.v.daum.net/v/20190803112311324,
"한일갈등 미국 입장 ""중재 안하고 촉진하겠다""..무슨 뜻?",https://news.v.daum.net/v/20190803114500551,
"강경화, 한미일 회담서 '지소미아' 폐기 시사..美 즉답 피해",https://news.v.daum.net/v/20190803150929166,
"""한국 때문에 RCEP 지체?"" 日경산상 '적반하장'",https://news.v.daum.net/v/20190804132723212,
"文대통령, 8~9일께 장관 교체..""日 상관없이 예정대로 진행""",https://news.v.daum.net/v/20190804105442324,
"日 경제보복 타격 벤처기업들 ""국산 부품 개발?..대기업이 구매를 안해""",https://news.v.daum.net/v/20190804090011760,
[밀리터리 인사이드] 일본은 왜 '독도 출격' 거짓말을 했을까,https://news.v.daum.net/v/20190804130105969,
"한국당 ""日과 기술격차 50년..당정청, '지니' 갖고 있나""",https://news.v.daum.net/v/20190804164817234,
탈일본 선언' 日경제보복을 극복 계기로..전방위 대책 발표(종합),https://news.v.daum.net/v/20190805112529831,
"文대통령, 평화경제 앞세워 '克日 청사진'..경제 불안감 해소",https://news.v.daum.net/v/20190805163047967,
"국회에 온 고 김지태 유족들 ""나경원·곽상도·민경욱 고소하겠다""",https://news.v.daum.net/v/20190805130300363,
"日관방장관, 文대통령 ""적반하장"" 발언에 ""과잉 주장"" 맞불",https://news.v.daum.net/v/20190805172917733,
"백색국가 제외' 韓 피해 과장 부적절..골드만삭스 ""불확실성이 문제""",https://news.v.daum.net/v/20190805235326019,
"日 아베 ""한국이 일방적으로 협정 위반하며 국제조약 깨""(종합)",https://news.v.daum.net/v/20190806133612782,
[단독] 한국 첫 반격카드는 '일본 석탄재' 수입규제,https://news.v.daum.net/v/20190806041157269,
"정동영 사퇴' 박지원 ""내일까지 정 대표 답변 기다리겠다""",https://news.v.daum.net/v/20190806123950656,
"노영민 ""주옥순 아베 사죄, 민족 정기 확립 못한 후과 치르는 것""",https://news.v.daum.net/v/20190806232011759,
"KT 전 임원 ""김성태 의원 딸, VVIP로 관리했다"" 증언",https://news.v.daum.net/v/20190806163817001,
"아베 보좌관, 방일 여야 의원에 ""한국은 과거 매춘 관광국""",https://news.v.daum.net/v/20190807091938425,
"[단독]최순실 옥중편지, 정유라에 ""돈은 어디 잘 갖다놓아라""",https://news.v.daum.net/v/20190807155204043,
"故이희호 여사 유족 측 ""김대중평화센터가 정부 장례보조금 안 내놓고 있어""",https://news.v.daum.net/v/20190807144540543,
"여야, 나경원 '우리 일본' 발언에 ""국민 공분 이유 돌이켜봐야""",https://news.v.daum.net/v/20190807191706596,
반격 나선 文정부..日 화이트리스트 삭제 '역공',https://news.v.daum.net/v/20190807195013238,
文대통령 새벽잠 깨우는 김정은..'4·27 약속' 깨졌다,https://news.v.daum.net/v/20190808053103456,
"딸 특혜채용 인정한 김성태..뇌물, 직무관련 대가성 성립될까",https://news.v.daum.net/v/20190808061905946,
"""어떻게 변명하든 경제보복""..文대통령 對日 외교해결 압박 지속",https://news.v.daum.net/v/20190808112917020,
"日,1달만에 첫 수출허가..삼성전자용 레지스트인 듯 (종합)",https://news.v.daum.net/v/20190808094742457,
"[단독] 김부겸·김영춘, 靑 보고했다..日보복 3가지 해법",https://news.v.daum.net/v/20190808060112749,
법무 조국·과기 최기영·여성 이정옥·농림 김현수..개각 발표,https://news.v.daum.net/v/20190809100033301,
"""日정부관계자, 수출규제 '오판' 인정..'예상밖 큰 소동' 발언""",https://news.v.daum.net/v/20190809103106660,
"""트럼프, 한국의 북한 도발 억제 노력 부족에 불만""..CNN 보도",https://news.v.daum.net/v/20190809141628376,
"새로 짜여진 文 내각, '최연소' 조국..영남 출신·전문가 비율↑",https://news.v.daum.net/v/20190809150631201,
"조국 법무 등 장관급 8명 개각..""文정부 개혁 안정적 추진 역점""(종합)",https://news.v.daum.net/v/20190809105336455,
"""日 한국 수출규제, 아무리 봐도 경제제재""<도쿄신문>",https://news.v.daum.net/v/20190810110247816,
"트럼프, 한일갈등에 ""매우 곤란한 입장..한국과 일본 잘 지내야""(종합2보)",https://news.v.daum.net/v/20190810064012215,
"일본, 영토 '도발'에..러시아, '올림픽 거부' 카드 거론",https://news.v.daum.net/v/20190810205817075,
숨고르는 한일..28일 백색국가 배제 앞두고 곳곳 지뢰밭,https://news.v.daum.net/v/20190810090012306,
"佛, 트럼프에 발끈..""우리는 주권국, 허락은 필요 없어""",https://news.v.daum.net/v/20190810004054509,
"""아직 카드 안썼다""..백색국가 日제외·WTO 제소 시기 '저울질'",https://news.v.daum.net/v/20190811060115248,
"""靑 일본 대책없다""던 야권, 자체 대응방안은 실효성 있을까",https://news.v.daum.net/v/20190811050143770,
"김종대 ""美반대로 주미대사 내정자 교체?..워싱턴의 외교농단""",https://news.v.daum.net/v/20190811172004458,
"최순실 ""유라야 30억 줄게"" 옥중편지..추징금 78억 받을 수 있나",https://news.v.daum.net/v/20190811060020199,
"이은재 ""조국, 표절의혹 논문 25건""..조국 측 ""이미 무혐의""(종합)",https://news.v.daum.net/v/20190811173600815,
"日 ""한국의 일본 백색국가 제외, 대항조치면 WTO 위반"" 주장(종합)",https://news.v.daum.net/v/20190812190841354,
"""239억 확정"" 지역구서 자랑..추경 반대한 의원의 두 얼굴",https://news.v.daum.net/v/20190812050136097,
백색국가서 日 배제카드 던질까?..효과 제한적·WTO제소시 불이익도,https://news.v.daum.net/v/20190812001112671,
"""정부 불매운동 개입"" 日기자에..최재성 던진 '한마디'",https://news.v.daum.net/v/20190812171057645,
나경원 총선 비상등?..與 양향자·이철희·강희용 카드 만지작,https://news.v.daum.net/v/20190812113434666,
"""독선이 패망으로 이끌었는데.."" 일본서도 거세지는 아베 비판",https://news.v.daum.net/v/20190813040205114,
"정미경 ""日보복은 文정부 자작극""..여권 ""아베도 아니고"" (종합)",https://news.v.daum.net/v/20190813165943870,
"""아베 정부, 韓의 백색국가 제외조치에 강경자세 유지"" 日언론",https://news.v.daum.net/v/20190813082918866,
"부정채용' KT 비서실 ""김성태, 요주의 인물..중요도 최상""",https://news.v.daum.net/v/20190813130616078,
"""징용은 돈 벌러 여자는 몸 팔러""..곳곳 '이영훈 후예'",https://news.v.daum.net/v/20190813200626330,
"홍준표 ""선거 한 번 잘못하니까 쪼다들이 나라 망친다""",https://news.v.daum.net/v/20190814184659835,
"검찰, 이재명 항소심서 원심과 동일한 징역 1년6월 구형",https://news.v.daum.net/v/20190814150523130,
조국 법무장관 후보자 재산 56억 신고..배우자 재산이 38억,https://news.v.daum.net/v/20190814161547877,
"손혜원·박지원 또 신경전..""80세 5선 꿈꿔"" vs ""즉시 사과하라""",https://news.v.daum.net/v/20190814101314223,
"靑, 文대통령 주재 회의 때 참석자 스마트폰 소지 금지",https://news.v.daum.net/v/20190814225235775,
"中 임시정부 청사 찾은 나경원 ""文정권이 대한민국 뿌리 흔들어""",https://news.v.daum.net/v/20190815162318415,
"호사카 유지 교수 ""韓 손해라며 불매운동 중단? 악마에 영혼 파는 것""",https://news.v.daum.net/v/20190815153200601,
"""한국당 출입금지"" 거래소 노조가 경고한 까닭은",https://news.v.daum.net/v/20190815044226474,
"文대통령 ""아무도 흔들 수 없는 나라..책임있는 경제강국 길로""(종합)",https://news.v.daum.net/v/20190815105919835,
"스가 日 장관 ""한국인 줄어도 외국인 관광객 늘어""",https://news.v.daum.net/v/20190815170454089,
