,Title,URL ,day
0,"""팔짱 낀 김정숙 여사 외교 결례""? 진실은..",https://news.v.daum.net/v/20190701213837629,2019-07-01
1,독이 된 황교안의 '가벼운 입',https://news.v.daum.net/v/20190701060005135,2019-07-01
2,밀착 보좌' 현송월..지켜보는 김여정,https://news.v.daum.net/v/20190701064400698,2019-07-01
3,"합참 ""중부전선 DMZ서 레이더에 정체불명 항적 포착""",https://news.v.daum.net/v/20190701153206574,2019-07-01
4,"'김영철 후임' 北장금철, 판문점회동 참석한 듯..남측에 '첫선'",https://news.v.daum.net/v/20190701091305239,2019-07-01
5,공군부대서 '부사관 난투극'..육군에선 '엽기적 가혹행위',https://news.v.daum.net/v/20190701215325778,2019-07-01
6,"조국 민정수석, 법무부 장관 임명..찬성 46% vs 반대 45%",https://news.v.daum.net/v/20190701150004829,2019-07-01
7,文대통령 국정 지지율 47.6% 소폭 상승..민주 41.5%-한국 30.6%,https://news.v.daum.net/v/20190701080002837,2019-07-01
8,"공화당 ""반드시 광화문 돌아간다..경찰에 천막 보호요청""",https://news.v.daum.net/v/20190701165404342,2019-07-01
9,"황교안, '아들 KT특혜채용 의혹'에 ""고발 자체가 문제될 것""",https://news.v.daum.net/v/20190701110237349,2019-07-01
10,"콜센터 67명 '정규직' 약속 지킨 이재명 ""첫 사례, 더 많이 전환되야""",https://news.v.daum.net/v/20190701185100401,2019-07-01
11,"新 북풍 트라우마..한국당, 총선 전략수정 불가피",https://news.v.daum.net/v/20190701112702712,2019-07-01
12,제3지대'서 새판 짜기 나선 개혁보수,https://news.v.daum.net/v/20190701100104346,2019-07-01
13,"황교안 ""文대통령, 北美회담 참석 못한 것 아쉬워""",https://news.v.daum.net/v/20190701093815335,2019-07-01
14,"나경원 ""운전자·중재자 자처한 文대통령, 客으로 전락""",https://news.v.daum.net/v/20190701095020826,2019-07-01
15,"靑, 민경욱 '사드반대 브로치' 지적에 ""청록색 나비모양일뿐""",https://news.v.daum.net/v/20190701122722419,2019-07-01
16,"與에 뿔난 정의당 ""앞으로 돕는일 없다""..범진보진영 역풍 우려",https://news.v.daum.net/v/20190701101700124,2019-07-01
17,"차명진 ""판문점 회동 의미있다고?..오늘 황교안 대표 지지철회""",https://news.v.daum.net/v/20190701143108314,2019-07-01
18,"손학규 ""역사적 회동에도 씁쓸..文대통령, 역할도 존재도 없어""",https://news.v.daum.net/v/20190701093215053,2019-07-01
19,"김정숙 여사 '파란 브로치' 지적에 靑 ""청록 나비 모양일 뿐""",https://news.v.daum.net/v/20190701163202232,2019-07-01
20,"""가만있을 순 없다""던 외교부, 확전 자제하는 까닭",https://news.v.daum.net/v/20190701201505579,2019-07-01
21,"경찰, '달창' 발언 나경원 원내대표 각하 의견으로 검찰 송치",https://news.v.daum.net/v/20190701212558489,2019-07-01
22,"이재명호 1년' 여론조사..경기도민 60% ""잘했다""",https://news.v.daum.net/v/20190701103143835,2019-07-01
23,"""日, 韓 급소 노렸다""..삼성 반도체 임원회의서 나온 장탄식",https://news.v.daum.net/v/20190701153738879,2019-07-01
24,"日, 반도체 소재 등 3개 품목 對韓 수출규제 발표",https://news.v.daum.net/v/20190701104820620,2019-07-01
25,"통상분쟁으로 번진 외교갈등..정부, 日수출규제에 '강대강' 응수",https://news.v.daum.net/v/20190701172840891,2019-07-01
26,"日, 외교문제로 끝내 경제보복까지..한일갈등 전방위 확산하나",https://news.v.daum.net/v/20190701115807462,2019-07-01
27,"""문 대통령 외교적 고립"" 주장한 日 언론 '남북미 판문점 회동'에 머쓱",https://news.v.daum.net/v/20190701133720180,2019-07-01
28,"정부 ""日 對韓수출 제한땐 WTO 제소 검토"".. 업계 ""대비해 왔다""",https://news.v.daum.net/v/20190701030238839,2019-07-01
29,日 보복의 역설?..삼성·SK 국산화로 脫일본 가속화,https://news.v.daum.net/v/20190701130034162,2019-07-01
30,"김문수 ""文대통령, 대변인 축에도 끼지못하는 개평꾼""",https://news.v.daum.net/v/20190702180519363,2019-07-02
31,"나경원 ""민주당·바른미래당과 긴급 한일의회교류 추진하겠다""",https://news.v.daum.net/v/20190702094204871,2019-07-02
32,북미 새시대' 언급 文대통령..'사실상 종전선언' 성사 인식,https://news.v.daum.net/v/20190702115653895,2019-07-02
33,"북한 어선 삼척항 들어온 다음날, 우리 軍 3250명 골프 쳤다",https://news.v.daum.net/v/20190702164548380,2019-07-02
34,닭갈비 저녁식사' 김경수 댓글조작 항소심 반전되나,https://news.v.daum.net/v/20190702154431929,2019-07-02
35,"한국당, 김제동 고액강연료 논란 공익감사청구",https://news.v.daum.net/v/20190702152133529,2019-07-02
36,"야3당 ""민주, 한국당 떼쓰기에 굴복..선거제 개혁 물거품"" 우려",https://news.v.daum.net/v/20190702120835255,2019-07-02
37,"심상정 ""굴욕적 해고"" 이인영 ""난감""..파열음 민주·정의 속내는",https://news.v.daum.net/v/20190702162519557,2019-07-02
38,"문 대통령 ""북미, 적대종식·평화시대 시작 선언""",https://news.v.daum.net/v/20190702121158311,2019-07-02
39,"""일본차, 불매하자"" 열받은 韓소비자, 난처한 업계",https://auto.v.daum.net/v/20190702172216830,2019-07-02
40,"""日보복카드만 100개..수차례 경고, 文정부 무반응""",https://news.v.daum.net/v/20190702173422278,2019-07-02
41,한·일 무역전쟁에 불매운동 번질라..떨고있는 유니클로·데상트·아사히,https://news.v.daum.net/v/20190702164622398,2019-07-02
42,"日언론 ""일본 정부, 對韓 수출규제 확대 검토"" 보도",https://news.v.daum.net/v/20190702205823168,2019-07-02
43,"""日정부, 반도체 소재 수출규제 5월에 결정..비자 제한도 고려""",https://news.v.daum.net/v/20190702091730953,2019-07-02
44,"장정욱 ""日 경제보복 대응, 일본차 불매운동이 더 효과적""",https://news.v.daum.net/v/20190702085400190,2019-07-02
45,"태영호 ""지금 단계선 北 비핵화 의사 있다고 생각 안 해""",https://news.v.daum.net/v/20190702103108998,2019-07-02
46,"""우리도 일본 제품 불매하자"" 일본 경제보복에 반일감정 폭발",https://news.v.daum.net/v/20190702173850446,2019-07-02
47,"日아베, 한국 상대 경제보복 조치에 ""WTO 규칙에 맞다"" 주장",https://news.v.daum.net/v/20190702075558928,2019-07-02
48,"""삼성 등 한국 탈일본 초래"" 일본서도 우려",https://news.v.daum.net/v/20190702040604686,2019-07-02
49,"日정부 보복조치에 日기업도 불만..""한국은 큰 단골..역풍 우려""",https://news.v.daum.net/v/20190702134345127,2019-07-02
50,한일 무역전쟁..소재 이어 반도체 제조장비 '확전' 우려,https://news.v.daum.net/v/20190702143331033,2019-07-02
51,"북한 목선 발견 어민에게 박수친 한국당, ""영웅""이라며 찬양",https://news.v.daum.net/v/20190702172101757,2019-07-02
52,"日, 對韓 수출규제 강화 이유로 ""국제평화·안전유지 목적"" 적시",https://news.v.daum.net/v/20190702171522535,2019-07-02
53,日 '반도체 소재 수출규제'로 발등 찍나..日기업 '우려' 이어져,https://news.v.daum.net/v/20190702102720850,2019-07-02
54,"아베 직접 등판..""WTO 협정에 안 어긋나"" 강변",https://news.v.daum.net/v/20190702194005703,2019-07-02
55,"日 경제보복 vs 韓 WTO제소, 强대强으로 치닫는 한일관계",https://news.v.daum.net/v/20190702050600001,2019-07-02
56,문케어'로 국민의료비 2조2천억 경감..중증환자 부담 ¼로 줄어,https://news.v.daum.net/v/20190702152212572,2019-07-02
57,"""광화문 반드시 돌아간다""..'무궁화 화분' 대응",https://news.v.daum.net/v/20190702203111721,2019-07-02
58,"수출 규제..우리도 타격, 일본에도 '부메랑'인 이유",https://news.v.daum.net/v/20190702212026607,2019-07-02
59,지지율 필요할 때마다 '한국 때리기'..아베의 정치 꼼수,https://news.v.daum.net/v/20190702202415604,2019-07-02
60,"김상조 ""일본, 가장 아픈 1~3번 집어내""..준비 치밀",https://news.v.daum.net/v/20190703214235915,2019-07-03
61,"당정청 ""반도체 소재·부품·장비 개발에 매년 1조원 집중투자""",https://news.v.daum.net/v/20190703091453575,2019-07-03
62,"""文대통령 아들 특혜채용 수사자료 공개""판결 불복, 檢 상고",https://news.v.daum.net/v/20190703142805824,2019-07-03
63,"황교안 '1등' 내주자 솔솔 나오는 '반기문 평행이론', 과연?",https://news.v.daum.net/v/20190703090028877,2019-07-03
64,"박용만 ""일본의 치밀한 보복작전에 우리는 서로 비난하기 바빠""",https://news.v.daum.net/v/20190703121745536,2019-07-03
65,"김상조 ""규제 예상 '롱 리스트' 있다..日, 그중 1∼3번을 규제""",https://news.v.daum.net/v/20190703191054879,2019-07-03
66,"""국민감정 악화 막아야..당장 한일 정상회담을""",https://news.v.daum.net/v/20190703050608347,2019-07-03
67,좌초 가능성 높아진 패스트트랙..군소3당 대표 집단 반발,https://news.v.daum.net/v/20190703050613355,2019-07-03
68,"정부 ""北목선사건, 경계실패""..합참의장 경고·8군단장 보직해임",https://news.v.daum.net/v/20190703140754042,2019-07-03
69,"이인영 ""일 안하는 국회의원에 페널티..국민소환제 도입해야""",https://news.v.daum.net/v/20190703110044099,2019-07-03
70,"나경원 ""법사위 한국당 보임 없으면 국회 정상화 어려워""",https://news.v.daum.net/v/20190703095208005,2019-07-03
71,"""저도 마음이 너무 힘드네요""..軍 '대소변' 가해 병사의 '유체이탈식' 고백",https://news.v.daum.net/v/20190703163723257,2019-07-03
72,"文대통령, 北목선 관련 안보실 책임물어..1차장 '엄중경고'",https://news.v.daum.net/v/20190703192841266,2019-07-03
73,공천룰 확정·7월 당원 모집..민주당 '시빌워' 본격 돌입,https://news.v.daum.net/v/20190703051200442,2019-07-03
74,"김정은, 북미정상 판문점 만남 직후 文대통령에 ""고맙다"" 전해",https://news.v.daum.net/v/20190703155623371,2019-07-03
75,의원님' 된 보좌관 36명.. 금배지 제값 하더라,https://news.v.daum.net/v/20190703044416122,2019-07-03
76,日 '경제보복' 조치에 국내서 '일제 불매운동' 조짐,https://news.v.daum.net/v/20190703181923549,2019-07-03
77,"경제보복 반발..국내 ""日여행 취소"" 인증샷에 불매운동 조짐",https://news.v.daum.net/v/20190703191053878,2019-07-03
78,한일관계 브레이크 걸렸지만..일본차 판매량은 '급가속',https://news.v.daum.net/v/20190703105255714,2019-07-03
79,"일본, 한국 수출 추가 규제 검토..외신 ""어리석은 보복 철회""",https://news.v.daum.net/v/20190703214436930,2019-07-03
80,대일 보복카드는 자동차 수입·반도체 수출 규제..맞불작전 고심,https://news.v.daum.net/v/20190703050606343,2019-07-03
81,"정부, '日 수출규제' 대응해 소재부품 개발에 6조원 투입",https://news.v.daum.net/v/20190703122032629,2019-07-03
82,아베 경제보복'에 애플·소니·화웨이가 긴장한 이유,https://news.v.daum.net/v/20190703111320740,2019-07-03
83,"일, 다음카드는 '한국인 비자강화'.. 현지선 ""보복, 중국만 좋은 일""",https://news.v.daum.net/v/20190703040300823,2019-07-03
84,日 경제보복에 속수무책 韓..맞불보단 '대안 마련' 우회,https://news.v.daum.net/v/20190703182614727,2019-07-03
85,"韓 비자제한 고려에 ""日 노선 많은데..LCC 어쩌나""",https://news.v.daum.net/v/20190703111851123,2019-07-03
86,강제징용·위안부 문제 꺼낸 아베..사실상 '보복' 시인,https://news.v.daum.net/v/20190703201617317,2019-07-03
87,"韓에는 경제보복, 中에는 러브콜..아베의 속내는?",https://news.v.daum.net/v/20190703171137384,2019-07-03
88,"日언론 ""WTO 위반 소지·韓기업 일본이탈 우려"" 연일 비판",https://news.v.daum.net/v/20190703085031553,2019-07-03
89,"日언론들 사설 통해 '경제보복' 비판..""어리석은 행동 철회해야""",https://news.v.daum.net/v/20190703093125196,2019-07-03
90,"나경원 연설에 與 ""일하는 국회 답 없어""..野3당 ""후안무치""",https://news.v.daum.net/v/20190704140400429,2019-07-04
91,"침묵하던 靑, '단호한 대응' 의지 천명..日에 '맞불 카드'",https://news.v.daum.net/v/20190704215226845,2019-07-04
92,"日 수출규제에 홍남기 ""상응조치"" 거론..한일 무역갈등 '전운'",https://news.v.daum.net/v/20190704105732416,2019-07-04
93,"나경원 ""文 대통령 감정 외교로 한일관계 파탄""",https://news.v.daum.net/v/20190704204201565,2019-07-04
94,정권 바뀌면 나도 파격발탁? '윤석열 효과' 검사장들 버틴다,https://news.v.daum.net/v/20190704050057081,2019-07-04
95,"김정은, 文에게 ""남북 원하면 만나는 그런 전례 찾자""",https://news.v.daum.net/v/20190704013053863,2019-07-04
96,현역 군인이 IS 가입 시도..폭발물 점화장치까지 훔쳐,https://news.v.daum.net/v/20190704193015082,2019-07-04
97,"정부, 日 수출규제에 '공세 전환'..상응 조치 검토",https://news.v.daum.net/v/20190704152323869,2019-07-04
98,"나경원 ""文정권 신독재 현상..절대권력 완성위해 민주주의 악용""",https://news.v.daum.net/v/20190704100114962,2019-07-04
99,"나주시는 반대, 이해찬도 신중론..민주당 '4대강 보 철거' 딜레마",https://news.v.daum.net/v/20190704060100751,2019-07-04
100,"""대통령은 징용자 변호인 아니다..국익을 최우선에 두고 외교해야""",https://news.v.daum.net/v/20190704175008216,2019-07-04
101,"MB에 등돌린 김희중의 돌변 ""이학수, 靑서 MB 안봤다""",https://news.v.daum.net/v/20190704050141093,2019-07-04
102,"文대통령 국정지지도, 4.8%p 오른 52.4%..7개월여만에 최고치",https://news.v.daum.net/v/20190704093005692,2019-07-04
103,"두 달만 버텨라?'.. 국회의원들, 잇따라 경찰 소환 불응",https://news.v.daum.net/v/20190704102355934,2019-07-04
104,"남북미 회동 마친 文대통령, 개각 속도..9명 대폭 교체될듯",https://news.v.daum.net/v/20190704214533725,2019-07-04
105,"불안한 패스트트랙 열차, 與野 5당 치열한 數싸움",https://news.v.daum.net/v/20190704060901903,2019-07-04
106,"문재인 정부 최대 폭 개각 임박..""장관급만 최대 두자릿수""",https://news.v.daum.net/v/20190704231109680,2019-07-04
107,"나경원 ""文정권 신독재..베네수엘라 몰락시킨 좌파 포퓰리즘""",https://news.v.daum.net/v/20190704121352597,2019-07-04
108,"침묵하던 靑, '단호한 대응' 의지 천명..日에 '맞불 카드'",https://news.v.daum.net/v/20190704215226845,2019-07-04
109,"北신문, 연일 日 맹비난..""무조건적 과거청산"" 촉구",https://news.v.daum.net/v/20190704113452247,2019-07-04
110,"황교안 ""日경제보복에 文대통령 답 없어..평화이벤트 상상에만""",https://news.v.daum.net/v/20190704150951985,2019-07-04
111,"손학규 ""문재인 정권, 내년 총선서 심판받을 것""",https://news.v.daum.net/v/20190704190344478,2019-07-04
112,"""文, 대북 영향력 없다""..아베 한밤 말폭탄, 외교결례 논란",https://news.v.daum.net/v/20190704170251466,2019-07-04
113,"김상조, 이제 와서.. ""일본이 어떤 보복할지 롱리스트 갖고 있었다""",https://news.v.daum.net/v/20190704030643386,2019-07-04
114,"""문재인 정부는 신독재""..따져보니",https://news.v.daum.net/v/20190704220303989,2019-07-04
115,"MB 풀려난 뒤 '수상한 만남'..""증인 회유"" vs ""변론 활동""",https://news.v.daum.net/v/20190704205825883,2019-07-04
116,나경원이 인용한 이코노미스트의 '신독재' 기사,https://news.v.daum.net/v/20190704171424897,2019-07-04
117,"채이배 감금' 한국당 의원들 출석 불응..경찰 ""기다린다""",https://news.v.daum.net/v/20190704154344986,2019-07-04
118,"""일제 불매, 日국적 연예인 퇴출을"" ..日 경제보복에 네티즌 '부글'",https://news.v.daum.net/v/20190704070006331,2019-07-04
119,日 아킬레스건' 후쿠시마 카드 있다..日 불매운동 시작,https://news.v.daum.net/v/20190704202102194,2019-07-04
120,"2012년 민주당 내부 문건 ""윤석열, 윤우진 골프·향응 접대 멤버""",https://news.v.daum.net/v/20190705140105576,2019-07-05
121,"드러난 아베의 혼네 ""문 대통령, 북한에 영향력 크지 않아""",https://news.v.daum.net/v/20190705000809241,2019-07-05
122,G20에서 사라진 대한민국' 동영상 확산..사실은?,https://news.v.daum.net/v/20190705215435873,2019-07-05
123,"北, 美와 비핵화 협상 '직거래'.. 한국 예상못한 방향으로 갈수도",https://news.v.daum.net/v/20190705030033264,2019-07-05
124,"격려금 횡령' 신연희 전 강남구청장, 징역 2년6개월 확정",https://news.v.daum.net/v/20190705053020512,2019-07-05
125,아베 '文 대통령 폄하'까지..도 넘은 한국 때리기,https://news.v.daum.net/v/20190705194204872,2019-07-05
126,옥중 박근혜의 '우리공화당' 총선 영입 리스트 50명?,https://news.v.daum.net/v/20190705062400005,2019-07-05
127,"""윤석열 부인 전시회 기업협찬 급증, 사실 아냐..지명 전 계약""",https://news.v.daum.net/v/20190705091514323,2019-07-05
128,"한국당, '예결위원장 김재원'으로..친박·비박 계파갈등 재현되나",https://news.v.daum.net/v/20190705105603796,2019-07-05
129,보도경위 감찰 한다고?'..이채익-경찰청장 진실공방,https://news.v.daum.net/v/20190705040301869,2019-07-05
130,"문 대통령, 7월 개각 속도전..장관급만 9명안팎 대폭 교체",https://news.v.daum.net/v/20190705062100981,2019-07-05
131,"황영철 ""예결위원장 경선 출마 포기..나경원 리더십 인정 못해""",https://news.v.daum.net/v/20190705100555590,2019-07-05
132,"""정치보복 아니면 나와라""..정부, 日에 역공 이틀연속 협의통보",https://news.v.daum.net/v/20190705135032227,2019-07-05
133,"정동영 ""日경제보복은 靑참모 무능 때문..동맹 미국 움직여야""",https://news.v.daum.net/v/20190705102408393,2019-07-05
134,"文, 다음 주 대기업 총수 회동..'日 경제보복' 전면 대응",https://news.v.daum.net/v/20190705201805510,2019-07-05
135,"""정말로 상상 초월합니다""..文, 사회적경제 기업에 연신 '감탄'",https://news.v.daum.net/v/20190705174637422,2019-07-05
136,"文대통령, 대기업 총수들 만남 검토..日 수출규제 대책논의 주목",https://news.v.daum.net/v/20190705163428302,2019-07-05
137,"우리공화당 광화문에 천막 재설치..""광장으로 옮기는 데 30초""",https://news.v.daum.net/v/20190705213709695,2019-07-05
138,"文대통령 국정 지지율 49%·부정 40%..""北관계·외교 잘해""",https://news.v.daum.net/v/20190705104047194,2019-07-05
139,"2012년 민주당 내부 문건 ""윤석열, 윤우진 골프·향응 접대 멤버""",https://news.v.daum.net/v/20190705140105576,2019-07-05
140,"우리공화당, 세종문화회관 앞에 천막 4동 설치",https://news.v.daum.net/v/20190705214636797,2019-07-05
141,"윤석열 ""촛불집회, 민주주의 발전 큰 획""..국회 서면질의 답변",https://news.v.daum.net/v/20190705222847210,2019-07-05
142,"""불매운동 알고는 있는데.."" 日 제품 매장서 만난 사람들",https://news.v.daum.net/v/20190705060804883,2019-07-05
143,"""일본 안 가고, 안 쓰고, 안 팔아""..국민들도 움직인다",https://news.v.daum.net/v/20190705202105574,2019-07-05
144,"일본 불매운동에 억울한 '아성 다이소'..""한국기업인데""",https://news.v.daum.net/v/20190705151741321,2019-07-05
145,"유니클로 매출 17%↓..""역효과 날라"" 日제품 TV PPL도 취소",https://news.v.daum.net/v/20190705173914235,2019-07-05
146,"반일 여론 고조..'日 안가고, 안쓴다' 본격적 움직임",https://news.v.daum.net/v/20190705060011704,2019-07-05
147,韓日 마찰 점입가경..아베 연일 공세에 靑 전면 등장,https://news.v.daum.net/v/20190705100034385,2019-07-05
148,"""일본 제품 안 팔고 안 산다"" 불매운동 전방위 확산되나",https://news.v.daum.net/v/20190705121617985,2019-07-05
149,"北, 美와 비핵화 협상 '직거래'.. 한국 예상못한 방향으로 갈수도",https://news.v.daum.net/v/20190705030033264,2019-07-05
