Title,URL ,day
"""팔짱 낀 김정숙 여사 외교 결례""? 진실은..",https://news.v.daum.net/v/20190701213837629,1
독이 된 황교안의 '가벼운 입',https://news.v.daum.net/v/20190701060005135,1
밀착 보좌' 현송월..지켜보는 김여정,https://news.v.daum.net/v/20190701064400698,1
"합참 ""중부전선 DMZ서 레이더에 정체불명 항적 포착""",https://news.v.daum.net/v/20190701153206574,1
"'김영철 후임' 北장금철, 판문점회동 참석한 듯..남측에 '첫선'",https://news.v.daum.net/v/20190701091305239,1
공군부대서 '부사관 난투극'..육군에선 '엽기적 가혹행위',https://news.v.daum.net/v/20190701215325778,1
"조국 민정수석, 법무부 장관 임명..찬성 46% vs 반대 45%",https://news.v.daum.net/v/20190701150004829,1
文대통령 국정 지지율 47.6% 소폭 상승..민주 41.5%-한국 30.6%,https://news.v.daum.net/v/20190701080002837,1
"공화당 ""반드시 광화문 돌아간다..경찰에 천막 보호요청""",https://news.v.daum.net/v/20190701165404342,1
"황교안, '아들 KT특혜채용 의혹'에 ""고발 자체가 문제될 것""",https://news.v.daum.net/v/20190701110237349,1
"콜센터 67명 '정규직' 약속 지킨 이재명 ""첫 사례, 더 많이 전환되야""",https://news.v.daum.net/v/20190701185100401,1
"新 북풍 트라우마..한국당, 총선 전략수정 불가피",https://news.v.daum.net/v/20190701112702712,1
제3지대'서 새판 짜기 나선 개혁보수,https://news.v.daum.net/v/20190701100104346,1
"황교안 ""文대통령, 北美회담 참석 못한 것 아쉬워""",https://news.v.daum.net/v/20190701093815335,1
"나경원 ""운전자·중재자 자처한 文대통령, 客으로 전락""",https://news.v.daum.net/v/20190701095020826,1
"靑, 민경욱 '사드반대 브로치' 지적에 ""청록색 나비모양일뿐""",https://news.v.daum.net/v/20190701122722419,1
"與에 뿔난 정의당 ""앞으로 돕는일 없다""..범진보진영 역풍 우려",https://news.v.daum.net/v/20190701101700124,1
"차명진 ""판문점 회동 의미있다고?..오늘 황교안 대표 지지철회""",https://news.v.daum.net/v/20190701143108314,1
"손학규 ""역사적 회동에도 씁쓸..文대통령, 역할도 존재도 없어""",https://news.v.daum.net/v/20190701093215053,1
"김정숙 여사 '파란 브로치' 지적에 靑 ""청록 나비 모양일 뿐""",https://news.v.daum.net/v/20190701163202232,1
"""가만있을 순 없다""던 외교부, 확전 자제하는 까닭",https://news.v.daum.net/v/20190701201505579,1
"경찰, '달창' 발언 나경원 원내대표 각하 의견으로 검찰 송치",https://news.v.daum.net/v/20190701212558489,1
"이재명호 1년' 여론조사..경기도민 60% ""잘했다""",https://news.v.daum.net/v/20190701103143835,1
"""日, 韓 급소 노렸다""..삼성 반도체 임원회의서 나온 장탄식",https://news.v.daum.net/v/20190701153738879,1
"日, 반도체 소재 등 3개 품목 對韓 수출규제 발표",https://news.v.daum.net/v/20190701104820620,1
"통상분쟁으로 번진 외교갈등..정부, 日수출규제에 '강대강' 응수",https://news.v.daum.net/v/20190701172840891,1
"日, 외교문제로 끝내 경제보복까지..한일갈등 전방위 확산하나",https://news.v.daum.net/v/20190701115807462,1
"""문 대통령 외교적 고립"" 주장한 日 언론 '남북미 판문점 회동'에 머쓱",https://news.v.daum.net/v/20190701133720180,1
"정부 ""日 對韓수출 제한땐 WTO 제소 검토"".. 업계 ""대비해 왔다""",https://news.v.daum.net/v/20190701030238839,1
日 보복의 역설?..삼성·SK 국산화로 脫일본 가속화,https://news.v.daum.net/v/20190701130034162,1
"김문수 ""文대통령, 대변인 축에도 끼지못하는 개평꾼""",https://news.v.daum.net/v/20190702180519363,2
"나경원 ""민주당·바른미래당과 긴급 한일의회교류 추진하겠다""",https://news.v.daum.net/v/20190702094204871,2
북미 새시대' 언급 文대통령..'사실상 종전선언' 성사 인식,https://news.v.daum.net/v/20190702115653895,2
"북한 어선 삼척항 들어온 다음날, 우리 軍 3250명 골프 쳤다",https://news.v.daum.net/v/20190702164548380,2
닭갈비 저녁식사' 김경수 댓글조작 항소심 반전되나,https://news.v.daum.net/v/20190702154431929,2
"한국당, 김제동 고액강연료 논란 공익감사청구",https://news.v.daum.net/v/20190702152133529,2
"야3당 ""민주, 한국당 떼쓰기에 굴복..선거제 개혁 물거품"" 우려",https://news.v.daum.net/v/20190702120835255,2
"심상정 ""굴욕적 해고"" 이인영 ""난감""..파열음 민주·정의 속내는",https://news.v.daum.net/v/20190702162519557,2
"문 대통령 ""북미, 적대종식·평화시대 시작 선언""",https://news.v.daum.net/v/20190702121158311,2
"""일본차, 불매하자"" 열받은 韓소비자, 난처한 업계",https://auto.v.daum.net/v/20190702172216830,2
"""日보복카드만 100개..수차례 경고, 文정부 무반응""",https://news.v.daum.net/v/20190702173422278,2
한·일 무역전쟁에 불매운동 번질라..떨고있는 유니클로·데상트·아사히,https://news.v.daum.net/v/20190702164622398,2
"日언론 ""일본 정부, 對韓 수출규제 확대 검토"" 보도",https://news.v.daum.net/v/20190702205823168,2
"""日정부, 반도체 소재 수출규제 5월에 결정..비자 제한도 고려""",https://news.v.daum.net/v/20190702091730953,2
"장정욱 ""日 경제보복 대응, 일본차 불매운동이 더 효과적""",https://news.v.daum.net/v/20190702085400190,2
"태영호 ""지금 단계선 北 비핵화 의사 있다고 생각 안 해""",https://news.v.daum.net/v/20190702103108998,2
"""우리도 일본 제품 불매하자"" 일본 경제보복에 반일감정 폭발",https://news.v.daum.net/v/20190702173850446,2
"日아베, 한국 상대 경제보복 조치에 ""WTO 규칙에 맞다"" 주장",https://news.v.daum.net/v/20190702075558928,2
"""삼성 등 한국 탈일본 초래"" 일본서도 우려",https://news.v.daum.net/v/20190702040604686,2
"日정부 보복조치에 日기업도 불만..""한국은 큰 단골..역풍 우려""",https://news.v.daum.net/v/20190702134345127,2
한일 무역전쟁..소재 이어 반도체 제조장비 '확전' 우려,https://news.v.daum.net/v/20190702143331033,2
"북한 목선 발견 어민에게 박수친 한국당, ""영웅""이라며 찬양",https://news.v.daum.net/v/20190702172101757,2
"日, 對韓 수출규제 강화 이유로 ""국제평화·안전유지 목적"" 적시",https://news.v.daum.net/v/20190702171522535,2
日 '반도체 소재 수출규제'로 발등 찍나..日기업 '우려' 이어져,https://news.v.daum.net/v/20190702102720850,2
"아베 직접 등판..""WTO 협정에 안 어긋나"" 강변",https://news.v.daum.net/v/20190702194005703,2
"日 경제보복 vs 韓 WTO제소, 强대强으로 치닫는 한일관계",https://news.v.daum.net/v/20190702050600001,2
문케어'로 국민의료비 2조2천억 경감..중증환자 부담 ¼로 줄어,https://news.v.daum.net/v/20190702152212572,2
"""광화문 반드시 돌아간다""..'무궁화 화분' 대응",https://news.v.daum.net/v/20190702203111721,2
"수출 규제..우리도 타격, 일본에도 '부메랑'인 이유",https://news.v.daum.net/v/20190702212026607,2
지지율 필요할 때마다 '한국 때리기'..아베의 정치 꼼수,https://news.v.daum.net/v/20190702202415604,2
"김상조 ""일본, 가장 아픈 1~3번 집어내""..준비 치밀",https://news.v.daum.net/v/20190703214235915,3
"당정청 ""반도체 소재·부품·장비 개발에 매년 1조원 집중투자""",https://news.v.daum.net/v/20190703091453575,3
"""文대통령 아들 특혜채용 수사자료 공개""판결 불복, 檢 상고",https://news.v.daum.net/v/20190703142805824,3
"황교안 '1등' 내주자 솔솔 나오는 '반기문 평행이론', 과연?",https://news.v.daum.net/v/20190703090028877,3
"박용만 ""일본의 치밀한 보복작전에 우리는 서로 비난하기 바빠""",https://news.v.daum.net/v/20190703121745536,3
"김상조 ""규제 예상 '롱 리스트' 있다..日, 그중 1∼3번을 규제""",https://news.v.daum.net/v/20190703191054879,3
"""국민감정 악화 막아야..당장 한일 정상회담을""",https://news.v.daum.net/v/20190703050608347,3
좌초 가능성 높아진 패스트트랙..군소3당 대표 집단 반발,https://news.v.daum.net/v/20190703050613355,3
"정부 ""北목선사건, 경계실패""..합참의장 경고·8군단장 보직해임",https://news.v.daum.net/v/20190703140754042,3
"이인영 ""일 안하는 국회의원에 페널티..국민소환제 도입해야""",https://news.v.daum.net/v/20190703110044099,3
"나경원 ""법사위 한국당 보임 없으면 국회 정상화 어려워""",https://news.v.daum.net/v/20190703095208005,3
"""저도 마음이 너무 힘드네요""..軍 '대소변' 가해 병사의 '유체이탈식' 고백",https://news.v.daum.net/v/20190703163723257,3
"文대통령, 北목선 관련 안보실 책임물어..1차장 '엄중경고'",https://news.v.daum.net/v/20190703192841266,3
공천룰 확정·7월 당원 모집..민주당 '시빌워' 본격 돌입,https://news.v.daum.net/v/20190703051200442,3
"김정은, 북미정상 판문점 만남 직후 文대통령에 ""고맙다"" 전해",https://news.v.daum.net/v/20190703155623371,3
의원님' 된 보좌관 36명.. 금배지 제값 하더라,https://news.v.daum.net/v/20190703044416122,3
日 '경제보복' 조치에 국내서 '일제 불매운동' 조짐,https://news.v.daum.net/v/20190703181923549,3
"경제보복 반발..국내 ""日여행 취소"" 인증샷에 불매운동 조짐",https://news.v.daum.net/v/20190703191053878,3
한일관계 브레이크 걸렸지만..일본차 판매량은 '급가속',https://news.v.daum.net/v/20190703105255714,3
"일본, 한국 수출 추가 규제 검토..외신 ""어리석은 보복 철회""",https://news.v.daum.net/v/20190703214436930,3
대일 보복카드는 자동차 수입·반도체 수출 규제..맞불작전 고심,https://news.v.daum.net/v/20190703050606343,3
"정부, '日 수출규제' 대응해 소재부품 개발에 6조원 투입",https://news.v.daum.net/v/20190703122032629,3
아베 경제보복'에 애플·소니·화웨이가 긴장한 이유,https://news.v.daum.net/v/20190703111320740,3
"일, 다음카드는 '한국인 비자강화'.. 현지선 ""보복, 중국만 좋은 일""",https://news.v.daum.net/v/20190703040300823,3
日 경제보복에 속수무책 韓..맞불보단 '대안 마련' 우회,https://news.v.daum.net/v/20190703182614727,3
"韓 비자제한 고려에 ""日 노선 많은데..LCC 어쩌나""",https://news.v.daum.net/v/20190703111851123,3
강제징용·위안부 문제 꺼낸 아베..사실상 '보복' 시인,https://news.v.daum.net/v/20190703201617317,3
"韓에는 경제보복, 中에는 러브콜..아베의 속내는?",https://news.v.daum.net/v/20190703171137384,3
"日언론 ""WTO 위반 소지·韓기업 일본이탈 우려"" 연일 비판",https://news.v.daum.net/v/20190703085031553,3
"日언론들 사설 통해 '경제보복' 비판..""어리석은 행동 철회해야""",https://news.v.daum.net/v/20190703093125196,3
"나경원 연설에 與 ""일하는 국회 답 없어""..野3당 ""후안무치""",https://news.v.daum.net/v/20190704140400429,4
"침묵하던 靑, '단호한 대응' 의지 천명..日에 '맞불 카드'",https://news.v.daum.net/v/20190704215226845,4
"日 수출규제에 홍남기 ""상응조치"" 거론..한일 무역갈등 '전운'",https://news.v.daum.net/v/20190704105732416,4
"나경원 ""文 대통령 감정 외교로 한일관계 파탄""",https://news.v.daum.net/v/20190704204201565,4
정권 바뀌면 나도 파격발탁? '윤석열 효과' 검사장들 버틴다,https://news.v.daum.net/v/20190704050057081,4
"김정은, 文에게 ""남북 원하면 만나는 그런 전례 찾자""",https://news.v.daum.net/v/20190704013053863,4
현역 군인이 IS 가입 시도..폭발물 점화장치까지 훔쳐,https://news.v.daum.net/v/20190704193015082,4
"정부, 日 수출규제에 '공세 전환'..상응 조치 검토",https://news.v.daum.net/v/20190704152323869,4
"나경원 ""文정권 신독재 현상..절대권력 완성위해 민주주의 악용""",https://news.v.daum.net/v/20190704100114962,4
"나주시는 반대, 이해찬도 신중론..민주당 '4대강 보 철거' 딜레마",https://news.v.daum.net/v/20190704060100751,4
"""대통령은 징용자 변호인 아니다..국익을 최우선에 두고 외교해야""",https://news.v.daum.net/v/20190704175008216,4
"MB에 등돌린 김희중의 돌변 ""이학수, 靑서 MB 안봤다""",https://news.v.daum.net/v/20190704050141093,4
"文대통령 국정지지도, 4.8%p 오른 52.4%..7개월여만에 최고치",https://news.v.daum.net/v/20190704093005692,4
"두 달만 버텨라?'.. 국회의원들, 잇따라 경찰 소환 불응",https://news.v.daum.net/v/20190704102355934,4
"남북미 회동 마친 文대통령, 개각 속도..9명 대폭 교체될듯",https://news.v.daum.net/v/20190704214533725,4
"불안한 패스트트랙 열차, 與野 5당 치열한 數싸움",https://news.v.daum.net/v/20190704060901903,4
"문재인 정부 최대 폭 개각 임박..""장관급만 최대 두자릿수""",https://news.v.daum.net/v/20190704231109680,4
"나경원 ""文정권 신독재..베네수엘라 몰락시킨 좌파 포퓰리즘""",https://news.v.daum.net/v/20190704121352597,4
"침묵하던 靑, '단호한 대응' 의지 천명..日에 '맞불 카드'",https://news.v.daum.net/v/20190704215226845,4
"北신문, 연일 日 맹비난..""무조건적 과거청산"" 촉구",https://news.v.daum.net/v/20190704113452247,4
"황교안 ""日경제보복에 文대통령 답 없어..평화이벤트 상상에만""",https://news.v.daum.net/v/20190704150951985,4
"손학규 ""문재인 정권, 내년 총선서 심판받을 것""",https://news.v.daum.net/v/20190704190344478,4
"""文, 대북 영향력 없다""..아베 한밤 말폭탄, 외교결례 논란",https://news.v.daum.net/v/20190704170251466,4
"김상조, 이제 와서.. ""일본이 어떤 보복할지 롱리스트 갖고 있었다""",https://news.v.daum.net/v/20190704030643386,4
"""문재인 정부는 신독재""..따져보니",https://news.v.daum.net/v/20190704220303989,4
"MB 풀려난 뒤 '수상한 만남'..""증인 회유"" vs ""변론 활동""",https://news.v.daum.net/v/20190704205825883,4
나경원이 인용한 이코노미스트의 '신독재' 기사,https://news.v.daum.net/v/20190704171424897,4
"채이배 감금' 한국당 의원들 출석 불응..경찰 ""기다린다""",https://news.v.daum.net/v/20190704154344986,4
"""일제 불매, 日국적 연예인 퇴출을"" ..日 경제보복에 네티즌 '부글'",https://news.v.daum.net/v/20190704070006331,4
日 아킬레스건' 후쿠시마 카드 있다..日 불매운동 시작,https://news.v.daum.net/v/20190704202102194,4
"2012년 민주당 내부 문건 ""윤석열, 윤우진 골프·향응 접대 멤버""",https://news.v.daum.net/v/20190705140105576,5
"드러난 아베의 혼네 ""문 대통령, 북한에 영향력 크지 않아""",https://news.v.daum.net/v/20190705000809241,5
G20에서 사라진 대한민국' 동영상 확산..사실은?,https://news.v.daum.net/v/20190705215435873,5
"北, 美와 비핵화 협상 '직거래'.. 한국 예상못한 방향으로 갈수도",https://news.v.daum.net/v/20190705030033264,5
"격려금 횡령' 신연희 전 강남구청장, 징역 2년6개월 확정",https://news.v.daum.net/v/20190705053020512,5
아베 '文 대통령 폄하'까지..도 넘은 한국 때리기,https://news.v.daum.net/v/20190705194204872,5
옥중 박근혜의 '우리공화당' 총선 영입 리스트 50명?,https://news.v.daum.net/v/20190705062400005,5
"""윤석열 부인 전시회 기업협찬 급증, 사실 아냐..지명 전 계약""",https://news.v.daum.net/v/20190705091514323,5
"한국당, '예결위원장 김재원'으로..친박·비박 계파갈등 재현되나",https://news.v.daum.net/v/20190705105603796,5
보도경위 감찰 한다고?'..이채익-경찰청장 진실공방,https://news.v.daum.net/v/20190705040301869,5
"문 대통령, 7월 개각 속도전..장관급만 9명안팎 대폭 교체",https://news.v.daum.net/v/20190705062100981,5
"황영철 ""예결위원장 경선 출마 포기..나경원 리더십 인정 못해""",https://news.v.daum.net/v/20190705100555590,5
"""정치보복 아니면 나와라""..정부, 日에 역공 이틀연속 협의통보",https://news.v.daum.net/v/20190705135032227,5
"정동영 ""日경제보복은 靑참모 무능 때문..동맹 미국 움직여야""",https://news.v.daum.net/v/20190705102408393,5
"文, 다음 주 대기업 총수 회동..'日 경제보복' 전면 대응",https://news.v.daum.net/v/20190705201805510,5
"""정말로 상상 초월합니다""..文, 사회적경제 기업에 연신 '감탄'",https://news.v.daum.net/v/20190705174637422,5
"文대통령, 대기업 총수들 만남 검토..日 수출규제 대책논의 주목",https://news.v.daum.net/v/20190705163428302,5
"우리공화당 광화문에 천막 재설치..""광장으로 옮기는 데 30초""",https://news.v.daum.net/v/20190705213709695,5
"文대통령 국정 지지율 49%·부정 40%..""北관계·외교 잘해""",https://news.v.daum.net/v/20190705104047194,5
"2012년 민주당 내부 문건 ""윤석열, 윤우진 골프·향응 접대 멤버""",https://news.v.daum.net/v/20190705140105576,5
"우리공화당, 세종문화회관 앞에 천막 4동 설치",https://news.v.daum.net/v/20190705214636797,5
"윤석열 ""촛불집회, 민주주의 발전 큰 획""..국회 서면질의 답변",https://news.v.daum.net/v/20190705222847210,5
"""불매운동 알고는 있는데.."" 日 제품 매장서 만난 사람들",https://news.v.daum.net/v/20190705060804883,5
"""일본 안 가고, 안 쓰고, 안 팔아""..국민들도 움직인다",https://news.v.daum.net/v/20190705202105574,5
"일본 불매운동에 억울한 '아성 다이소'..""한국기업인데""",https://news.v.daum.net/v/20190705151741321,5
"유니클로 매출 17%↓..""역효과 날라"" 日제품 TV PPL도 취소",https://news.v.daum.net/v/20190705173914235,5
"반일 여론 고조..'日 안가고, 안쓴다' 본격적 움직임",https://news.v.daum.net/v/20190705060011704,5
韓日 마찰 점입가경..아베 연일 공세에 靑 전면 등장,https://news.v.daum.net/v/20190705100034385,5
"""일본 제품 안 팔고 안 산다"" 불매운동 전방위 확산되나",https://news.v.daum.net/v/20190705121617985,5
"北, 美와 비핵화 협상 '직거래'.. 한국 예상못한 방향으로 갈수도",https://news.v.daum.net/v/20190705030033264,5
"Q&A로 풀어보는 일본의 반도체 수출 규제, 아예 수입을 못하는 건가요?",https://news.v.daum.net/v/20190706060104606,6
[팩트와이] 나경원 '근로기준법 발언' 논란..어디까지 사실일까?,https://news.v.daum.net/v/20190706223709844,6
"국제법 상식' 운운한 아베..법조계 ""강제징용 판결 몰이해""",https://news.v.daum.net/v/20190706090006905,6
"黃 ""민노총 문제 심각"", 金 ""직접 만나보시라""",https://news.v.daum.net/v/20190706030754896,6
"여야, 윤석열 청문회 앞두고 '한국당 청문위원' 자격 공방(종합)",https://news.v.daum.net/v/20190706144509251,6
"""예결위원장까지.."" 친박 '싹쓸이'에 비박 '부글부글'",https://news.v.daum.net/v/20190706060102602,6
"윤석열 ""대한민국 주적은 북한, 박형철 청와대 비서관과 친분""",https://news.v.daum.net/v/20190706141716951,6
온라인 떠도는 'G20 동영상'..청와대 기자 불똥?,https://news.v.daum.net/v/20190706214015376,6
"트럼프 ""김정은과 아주 좋은 관계..무슨 일 있을지 지켜보자""",https://news.v.daum.net/v/20190706015832478,6
"[사실은] 朴 탄핵 결정날, 과잉 진압에 5명 숨졌다?",https://news.v.daum.net/v/20190706204203647,6
"日언론 ""개헌세력, 참의원 선거서 개헌발의선 확보 실패 가능성""",https://news.v.daum.net/v/20190706124651312,6
"이방카 종횡무진' 비판에 트럼프 ""외국 정상들이 좋아해"" 옹호",https://news.v.daum.net/v/20190706061530714,6
"日, 화해·치유재단 해산에 보복 준비..""수출규제 버금""",https://news.v.daum.net/v/20190706201618306,6
"[팩트체크] 文 대통령, G20 정상회의 주요 행사 안 갔다?",https://news.v.daum.net/v/20190706110549462,6
"한국당 ""文대통령, 국정 실패 '대국민사과 하고 인적 쇄신해야""",https://news.v.daum.net/v/20190706172121664,6
"日수출규제 해결나서는 文대통령..靑 ""철저히 국익 관점서 대응""",https://news.v.daum.net/v/20190706110732483,6
"우리공화당, '8일만에' 광화문 광장에 천막 4동 설치(종합)",https://news.v.daum.net/v/20190706194957945,6
"日아베, '한국보복' 지지율 상승효과 없었다..닷새만에 2%p 하락",https://news.v.daum.net/v/20190706121009131,6
"일본에 급소 찔린 韓..""우리에겐 아직 찬스가 있다""",https://news.v.daum.net/v/20190706060006549,6
"공정 전도사' 이재명, '반도체 거점 사수' 강공 드라이브",https://news.v.daum.net/v/20190706100027588,6
한일관계 악화가 文정부 탓?..외교 위기 과장하는 외교보도,https://news.v.daum.net/v/20190706080026478,6
나라는 위기인데.. 한국당은 '감투싸움'중,https://news.v.daum.net/v/20190706030933913,6
<하재근의 이슈분석> 일본 불매운동이 개탄스러운 이유,https://news.v.daum.net/v/20190706060041592,6
"韓 투자로 6조 가까이 챙긴 日, 무역보복은 '자승자박' 악수",https://news.v.daum.net/v/20190706065700979,6
"윤석열 청문회 D-2..민주-한국, 법사위 재구성 완료",https://news.v.daum.net/v/20190706070010031,6
진짜로 특별한 '위원회'가 된 정개특위와 사개특위,https://news.v.daum.net/v/20190706170417509,6
"당내 쓴소리 역할 자임한 장제원, ""한가하게 감투싸움.. 모골이 송연""",https://news.v.daum.net/v/20190706161738084,6
"北통신 ""日, 한반도정세 호전으로 고립..분수에 맞게 처신해야""",https://news.v.daum.net/v/20190706212534218,6
"정청래, '손혜원 지역구'에 총선 출마 행보 돌입",https://news.v.daum.net/v/20190706144334237,6
수사 대상이 검찰총장 검증?..모순의 청문회,https://news.v.daum.net/v/20190706090710038,6
한일 경제전쟁' 주판알 튕기는 美中..화웨이에 '불똥',https://news.v.daum.net/v/20190707070012767,7
"아베 ""韓, 국가간 약속도 안지키는데 무역 관리 지키겠나""",https://news.v.daum.net/v/20190707121249633,7
황교안號 '내우외환'..지지율 하락에 당내 위기감 고조,https://news.v.daum.net/v/20190707060304274,7
"日언론 ""트럼프, 文대통령에 '남북경협 사업 재개' 반대 의사""",https://news.v.daum.net/v/20190707092546047,7
"日아베 ""한국, 대북 제재 지켜야""..보복조치 연관성 언급",https://news.v.daum.net/v/20190707134659657,7
한국 GDP 순위 12위 유지..1인당 국민소득은 세계 30위권,https://news.v.daum.net/v/20190707071904916,7
"황교안 ""'이 나라 떠나고 싶다. 文 정부 2년 만에 해외 이주자 수 5배 늘어""",https://news.v.daum.net/v/20190707155712568,7
"北 ""최인국씨 영주 위해 평양 도착""..정부 ""방북 승인 안해""",https://news.v.daum.net/v/20190707104518207,7
"졸렬하다'는 내부 지적에도..日, 규제카드 더 꺼내나",https://news.v.daum.net/v/20190707152236042,7
"모두 손들 때, 아베 혼자 ""NO""..日서 논란된 장면",https://news.v.daum.net/v/20190707130114074,7
"中매체 ""아베도 트럼프처럼 변해..반도체로 한국 압력"" 비난",https://news.v.daum.net/v/20190707094649331,7
아베 '헛다리' 짚었나..한국에 경제보복에도 지지율 오히려 하락,https://news.v.daum.net/v/20190707150907855,7
아베 자충수 트럼프 건들까..日보복 나비효과 美공장까지,https://news.v.daum.net/v/20190707174423053,7
"""김경수 지사 약속 이행하라""..6년 만에 '진주의료원 설립' 농성 돌입",https://news.v.daum.net/v/20190707212700798,7
한일수교 후 대일교역 적자만 54년째..누적적자 700조원 넘어,https://news.v.daum.net/v/20190707060120223,7
"황교안 ""'이 나라 떠나고 싶다. 文 정부 2년 만에 해외 이주자 수 5배 늘어""",https://news.v.daum.net/v/20190707155712568,7
"나경원 ""반일감정에만 호소 우려..日보복, 치밀한 대응 요구""",https://news.v.daum.net/v/20190707155148496,7
"황교안 '이민급증' 지적하자..與 ""내용 확인않고 헛발질""",https://news.v.daum.net/v/20190707165411191,7
"아베 ""한국, 대북 수출 관리 부적절""..궤변으로 보복 핑계",https://news.v.daum.net/v/20190707202702891,7
"한국당 악의적 가짜뉴스로 정치공세, '유튜브→한국당 확대' 패턴",https://news.v.daum.net/v/20190707173001792,7
"日아베 ""한국, 대북 제재 지켜야""..보복조치 연관성 언급",https://news.v.daum.net/v/20190707134659657,7
"뉴욕타임스, 日 '언론통제' 실태 조명..""독재국가 같다""",https://news.v.daum.net/v/20190707103900121,7
"日언론 ""트럼프, 文대통령에 '남북경협 사업 재개' 반대 의사""",https://news.v.daum.net/v/20190707092546047,7
지지율 하락에 상임위 갈등까지..'난기류' 빠진 한국당,https://news.v.daum.net/v/20190707191924009,7
"검찰, 'KT 부정채용 의혹' 김성태 처벌 여부 막판 고심",https://news.v.daum.net/v/20190707073503980,7
"우리공화당, 천막 자진철거 시한넘겨..""4개 철거시 8개 칠것""",https://news.v.daum.net/v/20190707193200141,7
日 대응전략 고심 중인 文대통령..재계 소통으로 관리 총력,https://news.v.daum.net/v/20190707122813791,7
"홈페이지 공개된 文대통령 G20 일정 '빼곡'..靑 ""가짜정보 황당""",https://news.v.daum.net/v/20190707112135818,7
설설 끓는 여권..장관-靑인사 총선차출·지역구 교통정리 촉각,https://news.v.daum.net/v/20190707060204253,7
총선 앞 당정청 '자리 바꾸기'.. 홍남기·강경화·최종구 차출설,https://news.v.daum.net/v/20190707174602081,7
"日아베, 선거연설 일정 비공개..유세장서 ""그만두라"" 야유 받아",https://news.v.daum.net/v/20190708100822046,8
"김용철 전 삼성 법무팀장 ""1999년 황교안에게 상품권 줬다""(종합)",https://news.v.daum.net/v/20190708195654754,8
"文대통령 ""한국기업 피해 발생하면 대응..일본 조치 철회 촉구""",https://news.v.daum.net/v/20190708150401843,8
文대통령 국정지지율 '51.3%' 7개월만에 최고치..민주40.4%-한국27.9%,https://news.v.daum.net/v/20190708080003005,8
"주한 日대사 ""수출규제, 양국 신뢰 관계 무너졌기 때문""",https://news.v.daum.net/v/20190708124005510,8
"박지원 ""윤석열, 벼르고 있었지만..흠결 못 찾았어""",https://news.v.daum.net/v/20190708090949736,8
결국 꺼내든 '분양가 상한제' 카드..주택시장 파장 클 듯,https://news.v.daum.net/v/20190708150138721,8
"윤석열, '영장청구·수사지휘'는 유지..'직접수사'는 점진 폐지",https://news.v.daum.net/v/20190708135703426,8
윤석열 청문회' 조롱거리 된 검찰 출신 김진태,https://news.v.daum.net/v/20190708160232359,8
"NHK ""日정부, 韓대응 주시..변화 없으면 규제 품목 확대""",https://news.v.daum.net/v/20190708085151113,8
"한국당 ""기업인들 죽어간다..反日 자극 국익에 도움 안돼""(종합)",https://news.v.daum.net/v/20190708190249042,8
한국 대응이 너무 궁금한 일본 언론..'부메랑'·'보복전' 우려,https://news.v.daum.net/v/20190708191125167,8
"野 ""윤석열, 자료제출 하라""..與 ""황교안 불러서 물어야""",https://news.v.daum.net/v/20190708104403628,8
"""트럼프, 지지도 최고치..양자대결선 바이든에 두자릿수 밀려""",https://news.v.daum.net/v/20190708005854479,8
결정적 한방' 없던 윤석열 청문회..황교안 의혹 공방도(종합2보),https://news.v.daum.net/v/20190708192107315,8
"日 언론, '피해 발생하면 대응' 문 대통령 발언 크게 보도",https://news.v.daum.net/v/20190708204535361,8
"일본 정부, 문재인 대통령 수출규제 철회 요구 일축",https://news.v.daum.net/v/20190708192130322,8
"팔 걷어붙인 文대통령, 日에 ""조치철회""..'필요한 대응' 첫 경고",https://news.v.daum.net/v/20190708165500550,8
"고민정 ""'文대통령 G20 회의불참' 영상에 거짓 너무많아..황당""",https://news.v.daum.net/v/20190708111330878,8
"아베 뒤에 선 열광적 20대..""日젊은이 70% 아베 지지""",https://news.v.daum.net/v/20190708154245534,8
"한국·바른미래 ""반일감정 자극 안돼..국익 차원서 고민해야""(종합)",https://news.v.daum.net/v/20190708100306857,8
미래 예상 못한 윤석열 다그친 김진태,https://news.v.daum.net/v/20190708162149193,8
"이인영 ""한국당, 日보복 힘보태지 못할망정..'백태클' 너무 심해""",https://news.v.daum.net/v/20190708103036972,8
"황교안, 日수출규제에 ""반일감정 자극은 국익에 도움 안돼""",https://news.v.daum.net/v/20190708100924106,8
"北매체, '日 수출규제' 비난..""후안무치한 망동""",https://news.v.daum.net/v/20190708210649662,8
"""日수출규제, 글로벌 반도체 공급망에 큰 타격""..무디스 경고",https://news.v.daum.net/v/20190708183021568,8
"한국당 ""네이버 文대통령 사위 기사에 매크로 댓글 조작 의혹""",https://news.v.daum.net/v/20190708182230441,8
험지' 뚫거나 '새바람' 내세워 원로·막말 의원 공략하거나,https://news.v.daum.net/v/20190708050602744,8
"이낙연, '최장수 총리' 되나..발묶인 속사정은?",https://news.v.daum.net/v/20190708042700443,8
윤석열 청문회' 조롱거리 된 검찰 출신 김진태,https://news.v.daum.net/v/20190708160232359,8
"아베 ""유럽 어떤 곳도 한국 우대 안해, 이번에 특혜 없애겠다""",https://news.v.daum.net/v/20190709000731335,9
"日, '수출규제 철회·양국 협의' 文대통령 요구에 부정적 반응(종합)",https://news.v.daum.net/v/20190709111456932,9
"윤석열, 연차 내고 '부동시' 검사..진단서 국회 제출",https://news.v.daum.net/v/20190709153227319,9
"윤석열 청문회 막판 '위증 논란'..""변호사 소개"" 녹음파일 공개",https://news.v.daum.net/v/20190709021740022,9
"침묵하던 文, 日에 맞대응 가능성 시사하며 '정면돌파'",https://news.v.daum.net/v/20190709043300685,9
"北목선' 23사단 소초병 한강 투신 사망..""직접관련 없어""(종합2보)",https://news.v.daum.net/v/20190709111615031,9
"軍, 北목선 경계실패 23사단 해체·해안경계 해경이관 등 '고심'",https://news.v.daum.net/v/20190709152326864,9
"위증 논란'에 변호사도 ""윤석열 아닌 윤대진이 소개""",https://news.v.daum.net/v/20190709131840413,9
日보복조치 협의' 잇단 방미 속 트럼프 침묵 깨고 중재 나설까(종합),https://news.v.daum.net/v/20190709144318826,9
北목선 경계실패' 23사단 초소 근무병 한강 투신해 사망,https://news.v.daum.net/v/20190709095427156,9
"감히 푸틴에 막말을?'..러시아, 조지아 직항노선 폐쇄",https://news.v.daum.net/v/20190709153333393,9
"민경욱, 고민정에 ""한 판 붙자"" vs 靑 ""정치인 아냐""(종합)",https://news.v.daum.net/v/20190709182752633,9
"곽상도, 文대통령 동서까지 저격..이낙연 ""억측력 상상 뛰어넘어""",https://news.v.daum.net/v/20190709195417635,9
"조경태 ""거짓말 윤석열, 시정잡배와 다를게 없다""",https://news.v.daum.net/v/20190709092704098,9
"日게이단렌 ""한국과 교류 계속""..수출규제엔 日정부와 한목소리(종합)",https://news.v.daum.net/v/20190709213956426,9
日 맞불카드로 일본차 수입 제한하나..일본에 확전 빌미 줄 수도,https://news.v.daum.net/v/20190709151321387,9
"유성엽 ""공무원 30% 감축해야..최저임금 동결이 바람직""",https://news.v.daum.net/v/20190709143554221,9
"윤석열 말바꾸기' 법적책임 없다지만..""정치·도덕적 치명상""",https://news.v.daum.net/v/20190709134727137,9
"윤석열 청문보고서 채택 난항..""검찰수장 적임"" vs ""자진사퇴""(종합)",https://news.v.daum.net/v/20190709115855640,9
"[단독] 정부, 일 대사관 관계자 불러 아베 '대북 제재'발언 항의",https://news.v.daum.net/v/20190709120604032,9
"野 ""즉각 사퇴""..與, 대응책 고심..청문회 후폭풍",https://news.v.daum.net/v/20190709095703254,9
"민주당, DJ 10주기에 北 김여정 초청 추진",https://news.v.daum.net/v/20190709190741648,9
"윤대진 검찰국장 ""내가 형 윤우진에 이남석 변호사 소개..윤석열 무관""",https://news.v.daum.net/v/20190709090222251,9
민경욱 vs 고민정..선후배 설전 '점입가경',https://news.v.daum.net/v/20190709214932565,9
"김·조 라인' 첫 대규모 인사..조국, 셀프방어·정밀검증 동시 돌파?",https://news.v.daum.net/v/20190709050103805,9
"변창훈 검사의 비극 얘기에 윤석열 ""한달 앓아누웠다""",https://news.v.daum.net/v/20190709001126371,9
참의원 선거전 본격화..'규제'에 대한 유권자 시각은?,https://news.v.daum.net/v/20190709203019233,9
"靑, 이달 중 7~9부처 개각 단행할 듯..출마자·원년멤버 중심",https://news.v.daum.net/v/20190709162923102,9
"윤석열 '변호사 소개' 위증 논란..윤대진 ""내가 소개"" 해명(종합)",https://news.v.daum.net/v/20190709094830907,9
"日 '반도체 가미카제' 도발..韓 피해 270배 ""급소 맞았다""",https://news.v.daum.net/v/20190709174704464,9
위증으로 역전된 '윤석열 검증'..한국·바른미래 공조 카드는,https://news.v.daum.net/v/20190710042700476,10
파묻었던 '일제 만행'..봉인 열릴까 두려운 아베,https://news.v.daum.net/v/20190710195807813,10
"홍남기 ""반도체 몇개월치 완제품 재고..기업 걱정은 소재 부품""",https://news.v.daum.net/v/20190710173706565,10
"박지원 ""조국, 법무장관 100% 기용될 것..윤석열, 임명돼야""",https://news.v.daum.net/v/20190710090606425,10
"홍준표, 윤석열 '변호사법 위반' 논란에..""단순 정보제공 별 문제 안 돼""",https://news.v.daum.net/v/20190710110349410,10
"文 ""전례없는 비상""..CEO-부총리-정책실장 핫라인 제안",https://news.v.daum.net/v/20190710120703931,10
"日정부 ""WTO 위반 지적 맞지 않아..수출규제 철회할 생각 없다""",https://news.v.daum.net/v/20190710130525852,10
"日, 또 '사린가스' 카드 ..""전용 우려 있어 韓수출규제""",https://news.v.daum.net/v/20190710100618894,10
"평화당, 분당 기정사실화?..반당권파 ""신당 창당 모임 결성""",https://news.v.daum.net/v/20190710141804070,10
"기업인들 ""모든 조치 다하겠다""..文대통령 ""정부 최대한 뒷받침""",https://news.v.daum.net/v/20190710154338588,10
"한일, WTO서 격론..日 ""수출규제가 금수조치는 아냐""",https://news.v.daum.net/v/20190710040509386,10
최저임금委 수정안 제출..勞 9570원 vs 使 8185원(종합),https://news.v.daum.net/v/20190710170643406,10
"김일성·김정일 배지만 달더니, 김정은 가슴에 '노동당' ..왜",https://news.v.daum.net/v/20190710050101760,10
"""日 제재 완화, 군사용 아니면 반도체 소재 판매""-FT",https://news.v.daum.net/v/20190710074003504,10
"윤석열 임명 굳힌 靑..野 ""도덕성 파산 선고""",https://news.v.daum.net/v/20190710201502022,10
"민주 ""黃, 대통령-5당대표 회동 거절""..한국 ""가부 밝히지 않아""(종합)",https://news.v.daum.net/v/20190710183523506,10
"홍준표 ""日에 보복하면 IMF보다 더한 대혼란..감정대응 안돼""",https://news.v.daum.net/v/20190710150324600,10
"""日, 한국 경제 망가뜨리면 정권 교체될 것이라 생각""",https://news.v.daum.net/v/20190710132916478,10
위증으로 역전된 '윤석열 검증'..한국·바른미래 공조 카드는,https://news.v.daum.net/v/20190710042700476,10
파묻었던 '일제 만행'..봉인 열릴까 두려운 아베,https://news.v.daum.net/v/20190710195807813,10
"北 ""일본, 조선 지하자원 훔쳐간 날강도"" 대일비난 점입가경",https://news.v.daum.net/v/20190710155936271,10
"""민간인 학살 특별법, 나경원 대표가 돈 든다며 반대""",https://news.v.daum.net/v/20190710145400105,10
"홍남기 ""반도체 몇개월치 완제품 재고..기업 걱정은 소재 부품""",https://news.v.daum.net/v/20190710173706565,10
"文대통령·30대기업, 日수출규제 해법 '허심탄회' 2시간 토론(종합)",https://news.v.daum.net/v/20190710193851538,10
"민주당 금태섭 ""윤석열, 명백한 거짓말..사과하는 것이 상식""",https://news.v.daum.net/v/20190710105036839,10
"文대통령, 對日 비상대응 선포..'외교해결' 강조 속 '엄중 경고'",https://news.v.daum.net/v/20190710114346226,10
"文대통령 ""허심탄회하게 이야기하자""..간담회에 30대기업 총출동",https://news.v.daum.net/v/20190710115555568,10
윤석열 임명' 분위기인데..위증 논란은 오히려 가열,https://news.v.daum.net/v/20190710105324952,10
결연하고 단호해진 文대통령..'비상한 각오'로 日 향해 경고,https://news.v.daum.net/v/20190710132758448,10
[단독]日에 반격 빌미만 준 산업부의 헛발질,https://news.v.daum.net/v/20190710030110877,10
