"체면구긴 韓 방일단, 日 자민당에 '문전박대'…""도저히 미팅못하겠…"
"[속보] 강경화 장관, 화이트리스트 한국 배제 철회 요구에 “일본, …"
"면담 연기 6시간만에 아예 취소…日자민당, 방일단 '문전박대'"
"[속보] 강경화 “일본 화이트리스트 배제 시, 지소미아 재검토 불가…"
"강창일 ""우리가 거지냐?…구걸외교 하러 온 것 아니다"""
[속보] 문 대통령 “다시는 일본에 지지 않을 것···승리의 역사 …
"文대통령 ""다시는 日에 지지 않아?일본도 큰 피해 감수해야 …"
"文 ""가해자 일본의 적반하장···다신 지지 않겠다"" 전면전 선포"
"[한일 경제전쟁] 싱가포르·중국 다자회의 이례적 日비판 ""백색국가…"
김재원 예결위장 비틀거리며 횡설수설···추경협상 중 음주논란
"""일본, 후폭풍 감당하겠나""…기자들이 분석한 '화이트리스트' 배제"
"조국, 야당 '이해찬 사케' 공세에 ""전국 일식집 다 망하길 원하나"""
준비한 말 접고 ‘일본 규탄’…한국에 힘 보탠 중국·싱가포르
'이해찬 사케 논란'으로 다시 불 붙은 여야 정쟁…진실은
"""日 버르장머리 고쳐놓겠다""…더 센 말로 일본 때렸던 YS"
"윤도한, 文 무례하다는 日에 ""차관급이 정상에 막말···무도하다"""
"'소녀상' 전시 중단에 다른 한국 작가들 ""내 작품도 빼라"""
미뤄왔던 독도방어훈련도 실시 검토…日 극렬 반발할 듯
강경화 ARF 외교전 성적표…'日경제보복' 문제 알렸다
'韓日 경제전쟁' 한창인데 정치권은 '이해찬 사케' 전쟁
"文대통령 ""남북경협으로 평화경제 실현해 단숨에 日 따라잡겠다""(종…"
"文대통령 ""남북경협으로 평화경제 실현해 日 따라잡을 것"""
"아베, 예고된 악재 줄줄이…경제보복 장기화땐 역풍 가능성"
美 “중거리 미사일 亞배치 원해”…韓에 요청 땐 ‘제2의 사드’ 우려
"文대통령 ""남북경협으로 평화경제 실현되면, 단숨에 日 따라잡을 수…"
"이재용도 조용필도...2011년 이후 北 다녀온 우리 국민, 비자 없이 …"
"엄마부대 주옥순 ""아베 수상님 사죄드립니다"" 막말 논란"
"나경원·유승민, 대통령 극일 발언에 “소가 웃을 일”·“허풍”"
"北, 또 동해상으로 발사체 쏘며 “맞을 짓 하지 말라” 경고"
북한 다녀오면 美 무비자 입국 제한…지코·레드벨벳도 안 된다
[현장에서]“관광은 한국에서~” 외친 민주당에 돌아온 관광업계 쓴소…
난처해진 문재인 정부
"급기야… 與, 당 공식회의서 '일본 패망론'"
"문 대통령, ‘다윗’ 기업 찾아…“일본 수출규제가 우리 강소기업엔 …"
평양 갔던 조용필·레드벨벳…미국 무비자 입국 못 한다
"문 대통령 “일, 임진왜란 때 도공 탐내… 기술력이 나라 살린다”"
"[단독] 윤석열, 줄사표 두고 ""원래 50명씩 사표···합리적 인사"""
8년간 아베 마주친 전문가 “일본 ‘화이트리스트 도발’ 배경엔 경쟁…
"[단독] 외교부는 협상 시작 안했다는데… 트럼프 “한국, 방위비 증…"
"[속보] 문정인 특보, 주미대사직 고사"
"나경원, 악플러 170명 고소… 누리꾼 ""나베가 그런 뜻인 줄 몰랐다"""
"한밤의 대남 경고장 날린 北 ""고단할 정도 대가 치를 것"""
하버드졸업 후 육아중이었는데…20대국회 막차 36살 정은혜
황교안·나경원·유기준 '언중유골'에 몸 바짝 낮춘 윤석열
"문준용, ""文씨 사업 문제 있나 확인해보겠다""는 곽상도에 ""해보라"""
"[텅 빈 대마도 르포] ""도시가 무너져 내려…"" 당혹 넘어 충격(하)"
日 기업들 반도체·소재 韓 ‘우회 수출’ 추진
"조국, 백팩 메고 적선동 사무실 출근… 청문회 준비 매진"
러 군용기 또 무단진입...일본이 먼저 공개
박지원에 백기? 심상정과 연대?…의원 4명 남을 정동영 선택
'문정인 주미대사' 미국이 거부?…정치권 '술렁'
北 “사거리도 못 밝힌 청와대 웃음거리” 조롱·막말
"[인터뷰]박형준 ""황교안·안철수·유승민, 결단해야 총선 살아남는…"
"황교안 “국민 생명 김정은 손아귀에…文, 대국민 사과하라”"
아베의 수출 제재 폭주 앞장선 최측근 4인방
"한국인 아버지와 딸, 크로아티아 여행 중 숨져…부검 실시(종합)"
미사일 쏘며 南에 조롱 퍼부은 北
"김현종 ""우리에게 진짜 영향 미치는 日 전략물자 '손 한 줌'"""
"[속보]文대통령 “광복절 앞두고 결연…日경제보복, 감정적 대응 안…"
"靑, 日보복 상응조치로 D램 첫 언급…“日전자산업 패닉될 것”"
"'日 백색국가 제외'로 반격한 정부… 팔짱 낀 日, 손 내밀까"
"""朴, 하이힐 3켤레로 버텼다""···참모가 회상한 靑 떠나던 날"
"[속보] 문 대통령, 日도쿄올림픽 ‘독도 표시’에 대처 주문"
둘로 쪼개진 ‘DJ 정신’… 평화당 탈당파 손학규 손 잡나
"韓 '백색국가' 명단서 日 제외…""아베 내각 소통 부족, 사태 더 악…"
日 가장 아파하는 후쿠시마 거론…도쿄올림픽 보이콧도 배제 못 해
독일 간 뒤 아무것도 안해도 상한가···한국당도 탐내는 안철수
"""세월호 밀회? 비애감 느껴""···전 靑비서관이 전한 朴의 발언"
"해명나선 조국 ""20대 청년에게 뜨거운 심장 있었다...부끄럽지 않아…"
황교안 사람들 '친박' 색깔 더 뺐다…민경욱 대변인은 교체
"최기영, 아파트 2채 등 106억원… 조국, 56억 중 현금이 34억"
"나경원, 광복절 경축식 왜 안보이나 했더니…中충칭 임시정부 찾아"
"조국, 10억 신고 아파트 20억 호가 … 장남 5차례 입영 연기"
대통령 경축사에 나경원 “文정권이 대한민국 흔들어”…보수 야당 혹…
“문 대통령께 격려를!” 뜬금없는 유도에 혼자 박수 안 친 황교안
