수구기득권언론,NNP
자유한국당,NNP
자유민주주의,NNP
문재인대통령,NNP
문재인정부,NNP
토착왜구당,NNP
우리나라,NNP
대한민국,NNP
후쿠시마산,NNP
법무부장관,NNP
문대통령님,NNP
자유왜구당,NNP
불매운동이,NNP
국민소환제,NNP
불매운동,NNP
비례대표제,NNP
문재인이,NNP
디스플레이,NNP
도쿄올림픽,NNP
우리공화당,NNP
일본여행,NNP
이명박근혜,NNP
임진왜란때,NNP
부끄러운줄,NNP
2019년,NNP
일제불매,NNP
적극적으로,NNP
일본제품,NNP
일본기업,NNP
무역전쟁,NNP
황교안이,NNP
김정은이,NNP
민주당,NNP
문대통령,NNP
적반하장,NNP
임진왜란,NNP
경제보복,NNP
독립운동,NNP
우리민족,NNP
적폐청산,NNP
수입금지,NNP
정상회담,NNP
거짓말,NNP
기술개발,NNP
국제사회,NNP
중소기업,NNP
여론조사,NNP
유니클로,NNP
후쿠시마,NNP
다른나라,NNP
시민단체,NNP
어느나라,NNP
조선일보,NNP
청와대,NNP
자한당,NNP
소재산업,NNP
경제전쟁,NNP
뉴스타파,NNP
김진태,NNP
소재개발,NNP
국개의원,NNP
국회의원,NNP
일제시대,NNP
법무장관,NNP
강력하게,NNP
비례대표,NNP
문재앙이,NNP
보복조치,NNP
수출규제,NNP
강제징용,NNP
전범국가,NNP
민경욱,NNP
100년,NNP
전범기업,NNP
가짜뉴스,NNP
토착왜구,NNP
사회주의,NNP
조중동,NNP
반일감정,NNP
대통령,NNP
민주주의,NNP
농수산물,NNP
아베정권,NNP
일본관광,NNP
문재앙,NNP
황교안,NNP
민주노총,NNP
대통령님,NNP
무역보복,NNP
일본우익,NNP
우리국민,NNP
국방장관,NNP
나경원이,NNP
지지율이,NNP
본토왜구,NNP
선전포고,NNP
시정잡배,NNP
중앙일보,NNP
트럼프,NNP
공산주의,NNP
황교활이,NNP
한국정부,NNP
나라경제,NNP
한일관계,NNP
원내대표,NNP
스트레스,NNP
해야한다,NNP
리얼미터,NNP
국무총리,NNP
일본가서,NNP
무역적자,NNP
윤석열이,NNP
제1야당,NNP
검찰총장,NNP
여기저기,NNP
똘똘뭉쳐,NNP
마찬가지,NNP
마이너스,NNP
내로남불,NNP
말한마디,NNP
자빠졌네,NNP
일본정부,NNP
윤석열,NNP
최저임금,NNP
국민세금,NNP
나경원,NNP
어처구니,NNP
안중에도,NNP
아니라고,NNP
친일청산,NNP
문재인,NNP
평화통일,NNP
종전선언,NNP
이인영,NNP
자기들이,NNP
우리정부,NNP
한국경제,NNP
해외여행,NNP
팔아먹고,NNP
있었는데,NNP
같습니다,NNP
이번기회,NNP
아무것도,NNP
일본상품,NNP
국정농단,NNP
한국인이,NNP
일본차,NNP
없어져야,NNP
하지마라,NNP
일으키는,NNP
이야기,NNP
인터뷰,NNP
상황이,NNP
합니다,NNP
나라냐,NNP
아닌것,NNP
있는것,NNP
그러지,NNP
사지도,NNP
한일전,NNP
국산화,NNP
당신이,NNP
일본이,NNP
이렇게,NNP
지금,NNP
화이팅,NNP
정은이,NNP
교활이,NNP
자기네,NNP
피해자,NNP
박근혜,NNP
마누라,NNP
빨갱이,NNP
황교활,NNP
노무현,NNP
조원진,NNP
변호사,NNP
일본놈,NNP
위원장,NNP
시진핑,NNP
원숭이,NNP
문정부,NNP
이재용,NNP
죄인이,NNP
공산당,NNP
개무시,NNP
청문회,NNP
문죄인,NNP
선거제,NNP
정치인,NNP
대기업,NNP
감정적,NNP
지지율,NNP
하는짓,NNP
매국노,NNP
자존심,NNP
탈일본,NNP
밥그릇,NNP
한사람,NNP
선진국,NNP
윤석렬,NNP
그렇게,NNP
이간질,NNP
무능력,NNP
맞대응,NNP
G20,NNP
전세계,NNP
광화문,NNP
정부,NNP
길거리,NNP
이나라,NNP
판문점,NNP
일본,NNP
정치권,NNP
자유당,NNP
북한,NNP
사법부,NNP
골프장,NNP
경제력,NNP
전라도,NNP
방송국,NNP
영향력,NNP
유튜브,NNP
한국당,NNP
한반도,NNP
문정권,NNP
국방부,NNP
현정부,NNP
박정희,NNP
바미당,NNP
다이소,NNP
외교부,NNP
한국,NNP
식민지,NNP
일본산,NNP
중국,NNP
대법원,NNP
러시아,NNP
WTO,NNP
이명박,NNP
사기꾼,NNP
한국인,NNP
대변인,NNP
마지막,NNP
강대국,NNP
이번,NNP
국가간,NNP
섬나라,NNP
어려움,NNP
국민이,NNP
마무리,NNP
멍청,NNP
확실히,NNP
반도체,NNP
개돼지,NNP
순실이,NNP
물대포,NNP
아베,NNP
위안부,NNP
한국이,NNP
아사히,NNP
도덕적,NNP
망하게,NNP
헛소리,NNP
조작질,NNP
짓거리,NNP
정부탓,NNP
싸워야,NNP
보이콧,NNP
뭐하러,NNP
선동질,NNP
대가리,NNP
한심,NNP
무책임,NNP
단기적,NNP
나베,NNP
그런거,NNP
찌라시,NNP
재앙이,NNP
그정도,NNP
수준이,NNP
나라,NNP
2중대,NNP
손학규,NNP
기업이,NNP
정신이,NNP
문죄앙,NNP
공화당,NNP
한민족,NNP
공무원,NNP
있을까,NNP
선거법,NNP
20년,NNP
함부로,NNP
하는것,NNP
이성적,NNP
왜구당,NNP
역사적,NNP
자발적,NNP
대부분,NNP
독재자,NNP
박그네,NNP
국민성,NNP
오늘,NNP
도덕성,NNP
이승만,NNP
구역질,NNP
소비재,NNP
친일파,NNP
계기로,NNP
이정권,NNP
경제,NNP
김정은,NNP
자민당,NNP
드루킹,NNP
민노총,NNP
구한말,NNP
김일성,NNP
현정권,NNP
문어벙,NNP
이재명,NNP
정의당,NNP
담마진,NNP
애국심,NNP
올림픽,NNP
아베놈,NNP
나베당,NNP
김대중,NNP
기술력,NNP
후진국,NNP
중국이,NNP
개소리,NNP
가만히,NNP
역시,NNP
데상트,NNP
정청래,NNP
주사파,NNP
문통이,NNP
조용히,NNP
홍보비,NNP
공수처,NNP
과거사,NNP
쥐새끼,NNP
다변화,NNP
목소리,NNP
홍준표,NNP
기생충,NNP
자동차,NNP
한국차,NNP
10년,NNP
오바마,NNP
하는일,NNP
외교적,NNP
알아서,NNP
대해서,NNP
우리,NNP
위해서,NNP
있어서,NNP
비핵화,NNP
후보자,NNP
지도자,NNP
지역구,NNP
당대표,NNP
안한다,NNP
네이버,NNP
만들고,NNP
일자리,NNP
여기서,NNP
범죄자,NNP
있을때,NNP
일본꺼,NNP
심지어,NNP
김경수,NNP
애국자,NNP
그런데,NNP
아버지,NNP
남북미,NNP
울나라,NNP
20대,NNP
나중에,NNP
도지사,NNP
노동자,NNP
주둥이,NNP
경기도,NNP
625,NNP
고맙다,NNP
대마도,NNP
언론사,NNP
김학의,NNP
잘한다,NNP
곽상도,NNP
아가리,NNP
이런일,NNP
하나가,NNP
한국민,NNP
어떻게,NNP
그래,NNP
무서워,NNP
뒤집어,NNP
않으면,NNP
방사능,NNP
한마디,NNP
정말,NNP
미사일,NNP
이런걸,NNP
세월호,NNP
IMF,NNP
이기회,NNP
일제차,NNP
분양가,NNP
아닌가,NNP
아닐까,NNP
많은데,NNP
아닌지,NNP
도움이,NNP
보복이,NNP
이지경,NNP
상품권,NNP
수산물,NNP
완제품,NNP
503,NNP
독립군,NNP
삼성,NNP
정치적,NNP
장기적,NNP
경제적,NNP
동영상,NNP
도둑놈,NNP
부동산,NNP
있어야,NNP
존재감,NNP
제대로,NNP
힘들게,NNP
어이가,NNP
전국민,NNP
온국민,NNP
나라꼴,NNP
가능성,NNP
박지원,NNP
이사람,NNP
국민,NNP
심상정,NNP
관광객,NNP
최순실,NNP
모든것,NNP
공권력,NNP
사람,NNP
상대방,NNP
전두환,NNP
영부인,NNP
일본것,NNP
의료원,NNP
김정숙,NNP
아무말,NNP
남북한,NNP
기득권,NNP
차려라,NNP
이순신,NNP
당분간,NNP
36년,NNP
김원봉,NNP
풀영상,NNP
금태섭,NNP
알아야,NNP
민주화,NNP
스스로,NNP
수십조,NNP
하는지,NNP
또라이,NNP
뒤통수,NNP
강경화,NNP
있는가,NNP
도요타,NNP
리스트,NNP
전문가,NNP
이런데,NNP
찍소리,NNP
가지고,NNP
그나마,NNP
너무나,NNP
저렇게,NNP
것인데,NNP
큰소리,NNP
지들이,NNP
똑바로,NNP
조만간,NNP
자위대,NNP
4대강,NNP
제발,NNP
대다수,NNP
최소한,NNP
그동안,NNP
사실상,NNP
더이상,NNP
싫어요,NNP
원하는,NNP
나오는,NNP
좋다고,NNP
무엇을,NNP
있도록,NNP
말아야,NNP
도대체,NNP
가능한,NNP
그러다,NNP
대단한,NNP
여행을,NNP
투표,NNP
생각,NNP
설명,NNP
증명,NNP
개입,NNP
시작,NNP
준비,NNP
경험,NNP
존재,NNP
장악,NNP
동의,NNP
이용,NNP
합의,NNP
예상,NNP
제공,NNP
극복,NNP
침략,NNP
수준,NNP
사퇴,NNP
제재,NNP
지지,NNP
청구,NNP
확인,NNP
알게,NNP
봐라,NNP
공부,NNP
필요,NNP
무능,NNP
통일,NNP
임명,NNP
한것,NNP
될거,NNP
고생,NNP
가지,NNP
사지,NNP
쓰지,NNP
사용,NNP
있지,NNP
걱정,NNP
문빠,NNP
비판,NNP
상관,NNP
보지,NNP
조치,NNP
거기,NNP
모양,NNP
가관,NNP
인간,NNP
친일,NNP
정권,NNP
♬♪,NNP
집단,NNP
안보,NNP
대책,NNP
잘못,NNP
언론,NNP
느낌,NNP
노릇,NNP
큰일,NNP
간첩,NNP
공정,NNP
의원,NNP
여당,NNP
적폐,NNP
내용,NNP
해명,NNP
참석,NNP
자기,NNP
국회,NNP
힘이,NNP
옛날,NNP
패싱,NNP
고소,NNP
얼마,NNP
그때,NNP
심각,NNP
천박,NNP
미국,NNP
누구,NNP
왜구,NNP
경찰,NNP
북괴,NNP
돼지,NNP
깡패,NNP
조국,NNP
시민,NNP
기업,NNP
후배,NNP
진태,NNP
중앙,NNP
개선,NNP
주장,NNP
대체,NNP
공격,NNP
비난,NNP
무시,NNP
대변,NNP
얘기,NNP
막말,NNP
비교,NNP
착각,NNP
요구,NNP
무식,NNP
인정,NNP
홍보,NNP
반성,NNP
언급,NNP
차지,NNP
동조,NNP
확보,NNP
깨끗,NNP
자극,NNP
행사,NNP
기억,NNP
동참,NNP
거래,NNP
마련,NNP
운운,NNP
미안,NNP
대단,NNP
가능,NNP
유치,NNP
중요,NNP
정당,NNP
시원,NNP
감사,NNP
확실,NNP
불리,NNP
위험,NNP
산업,NNP
처리,NNP
이상,NNP
수치,NNP
억지,NNP
치욕,NNP
때문,NNP
될것,NNP
사실,NNP
주적,NNP
민족,NNP
명령,NNP
현실,NNP
싸움,NNP
할것,NNP
최악,NNP
정답,NNP
정상,NNP
재앙,NNP
개판,NNP
전쟁,NNP
부탁,NNP
게임,NNP
실망,NNP
문제,NNP
안달,NNP
순간,NNP
결과,NNP
대상,NNP
처음,NNP
아웃,NNP
민심,NNP
애국,NNP
자신,NNP
모습,NNP
기분,NNP
실체,NNP
세상,NNP
지경,NNP
기회,NNP
대박,NNP
목적,NNP
사안,NNP
퇴출,NNP
원인,NNP
이득,NNP
조작,NNP
총선,NNP
매국,NNP
행동,NNP
자랑,NNP
탄핵,NNP
출신,NNP
이것,NNP
거짓,NNP
본질,NNP
정은,NNP
핵심,NNP
전략,NNP
찬성,NNP
원칙,NNP
국력,NNP
개뿔,NNP
국익,NNP
범죄,NNP
총리,NNP
사건,NNP
혈안,NNP
부분,NNP
물건,NNP
상황,NNP
대비,NNP
4월,NNP
세력,NNP
우선,NNP
능력,NNP
지적,NNP
집안,NNP
마음,NNP
대응,NNP
후손,NNP
자식,NNP
배신,NNP
운동,NNP
가격,NNP
방법,NNP
학살,NNP
물론,NNP
실행,NNP
태도,NNP
절반,NNP
말씀,NNP
척결,NNP
적국,NNP
한말,NNP
부산,NNP
구속,NNP
매장,NNP
나이,NNP
부정,NNP
떳떳,NNP
검증,NNP
수입,NNP
합심,NNP
조사,NNP
계속,NNP
개발,NNP
투자,NNP
지원,NNP
압박,NNP
양보,NNP
단결,NNP
심판,NNP
판단,NNP
협력,NNP
불매,NNP
육성,NNP
대신,NNP
분석,NNP
아부,NNP
공개,NNP
연합,NNP
선동,NNP
고발,NNP
수사,NNP
수출,NNP
연구,NNP
사랑,NNP
구매,NNP
불편,NNP
정리,NNP
빨리,NNP
반대,NNP
보도,NNP
좋아,NNP
포함,NNP
취업,NNP
생산,NNP
대우,NNP
대처,NNP
검사,NNP
확대,NNP
성공,NNP
철거,NNP
달리,NNP
집권,NNP
환장,NNP
보복,NNP
거부,NNP
참여,NNP
독립,NNP
지정,NNP
우려,NNP
파악,NNP
회의,NNP
하야,NNP
어벙,NNP
의존,NNP
만만,NNP
극일,NNP
비록,NNP
각성,NNP
출마,NNP
반복,NNP
의식,NNP
제소,NNP
질문,NNP
지껄,NNP
해산,NNP
사형,NNP
폐간,NNP
박멸,NNP
발전,NNP
유리,NNP
대표,NNP
발표,NNP
폐기,NNP
상승,NNP
철수,NNP
취소,NNP
포기,NNP
두둔,NNP
폭망,NNP
실패,NNP
결정,NNP
발생,NNP
지시,NNP
선임,NNP
칭찬,NNP
의심,NNP
뻔뻔,NNP
차원,NNP
선거,NNP
세계,NNP
입장,NNP
국내,NNP
방송,NNP
자리,NNP
이땅,NNP
내부,NNP
주변,NNP
역사,NNP
뉴스,NNP
분야,NNP
대구,NNP
대선,NNP
하늘,NNP
자국,NNP
외국,NNP
국가,NNP
군대,NNP
사회,NNP
감방,NNP
어디,NNP
검찰,NNP
지역,NNP
광장,NNP
마트,NNP
의미,NNP
정치,NNP
머리,NNP
유럽,NNP
시장,NNP
과거,NNP
상태,NNP
회사,NNP
독도,NNP
환경,NNP
상식,NNP
양심,NNP
해외,NNP
평화,NNP
동네,NNP
관계,NNP
야당,NNP
신문,NNP
회담,NNP
인사,NNP
정도,NNP
혜택,NNP
단체,NNP
천막,NNP
국정,NNP
다음,NNP
공천,NNP
사이,NNP
사태,NNP
무역,NNP
일제,NNP
본국,NNP
인상,NNP
재판,NNP
제품,NNP
소재,NNP
갈등,NNP
적자,NNP
도쿄,NNP
문화,NNP
감옥,NNP
왜국,NNP
평등,NNP
장난,NNP
자살,NNP
옹호,NNP
조용,NNP
뭐,NNP
남탓,NNP
대통,NNP
앞잡,NNP
종북,NNP
♩♪,NNP
여론,NNP
도둑,NNP
반박,NNP
국산,NNP
계획,NNP
위증,NNP
중단,NNP
보상,NNP
내년,NNP
결국,NNP
경우,NNP
보기,NNP
평소,NNP
이전,NNP
기사,NNP
미래,NNP
예전,NNP
가슴,NNP
전면,NNP
시절,NNP
진보,NNP
이후,NNP
당시,NNP
동안,NNP
관련,NNP
분열,NNP
금지,NNP
왕따,NNP
교육,NNP
희생,NNP
진주,NNP
오죽,NNP
해결,NNP
규제,NNP
굴복,NNP
부족,NNP
일안,NNP
그만,NNP
엄벌,NNP
직접,NNP
그리,NNP
분노,NNP
잘,NNP
협박,NNP
진행,NNP
실천,NNP
싫어,NNP
협조,NNP
해체,NNP
자제,NNP
위반,NNP
오래,NNP
판결,NNP
반격,NNP
판매,NNP
비굴,NNP
승리,NNP
불참,NNP
작정,NNP
총장,NNP
독재,NNP
협상,NNP
그네,NNP
말이,NNP
논리,NNP
너거,NNP
문씨,NNP
상대,NNP
현명,NNP
사과,NNP
조장,NNP
추종,NNP
충성,NNP
존경,NNP
위협,NNP
총질,NNP
취급,NNP
처단,NNP
장사,NNP
응원,NNP
광고,NNP
지배,NNP
경고,NNP
표현,NNP
외교,NNP
맨날,NNP
한번,NNP
강제,NNP
뭐라,NNP
소리,NNP
도발,NNP
장관,NNP
교체,NNP
알바,NNP
무리,NNP
함께,NNP
노력,NNP
이해,NNP
구입,NNP
제한,NNP
소개,NNP
공급,NNP
있냐,NNP
타령,NNP
항의,NNP
활동,NNP
실시,NNP
제거,NNP
지난,NNP
비롯,NNP
분명,NNP
기대,NNP
궁금,NNP
냉정,NNP
토착,NNP
유지,NNP
답답,NNP
시급,NNP
배상,NNP
진작,NNP
얼굴,NNP
망신,NNP
진정,NNP
당연,NNP
유일,NNP
교활,NNP
영원,NNP
불쌍,NNP
최대,NNP
비슷,NNP
정확,NNP
치졸,NNP
비열,NNP
막대,NNP
미개,NNP
위대,NNP
야비,NNP
남북,NNP
치밀,NNP
무지,NNP
철저,NNP
완전,NNP
간사,NNP
교묘,NNP
진실,NNP
건강,NNP
선택,NNP
항복,NNP
가장,NNP
고문,NNP
♪♪,NNP
자세,NNP
징용,NNP
만행,NNP
안전,NNP
특징,NNP
기술,NNP
사정,NNP
수장,NNP
명심,NNP
처벌,NNP
새끼,NNP
뭉쳐,NNP
주어,NNP
기자,NNP
바보,NNP
작자,NNP
진짜,NNP
들여,NNP
악마,NNP
팩트,NNP
여자,NNP
한계,NNP
문가,NNP
못해,NNP
색히,NNP
판사,NNP
핑계,NNP
이정,NNP
달창,NNP
발언,NNP
조선,NNP
방향,NNP
기본,NNP
♪♬,NNP
전범,NNP
청산,NNP
따위,NNP
주제,NNP
3년,NNP
평생,NNP
조금,NNP
개념,NNP
약속,NNP
희망,NNP
제목,NNP
무릎,NNP
않고,NNP
감정,NNP
작년,NNP
이익,NNP
좌파,NNP
의전,NNP
권력,NNP
쪽국,NNP
성장,NNP
변명,NNP
어찌,NNP
각오,NNP
경계,NNP
정작,NNP
사죄,NNP
자원,NNP
2년,NNP
1년,NNP
하루,NNP
할일,NNP
인식,NNP
그놈,NNP
전부,NNP
엉망,NNP
이놈,NNP
추경,NNP
개혁,NNP
가면,NNP
저놈,NNP
우방,NNP
협정,NNP
시위,NNP
의리,NNP
아침,NNP
언제,NNP
벌써,NNP
애초,NNP
그것,NNP
좌빨,NNP
가짜,NNP
자체,NNP
물가,NNP
원래,NNP
본인,NNP
관세,NNP
롯데,NNP
품목,NNP
맥주,NNP
시대,NNP
어제,NNP
우파,NNP
정의,NNP
이걸,NNP
맞고,NNP
만남,NNP
바로,NNP
단교,NNP
대화,NNP
목표,NNP
한달,NNP
정책,NNP
반일,NNP
서민,NNP
당신,NNP
자본,NNP
이성,NNP
영상,NNP
국방,NNP
문통,NNP
이념,NNP
가족,NNP
부품,NNP
남한,NNP
명분,NNP
직원,NNP
의견,NNP
고통,NNP
왜놈,NNP
개인,NNP
독일,NNP
음식,NNP
근성,NNP
지진,NNP
소신,NNP
너무,NNP
알고,NNP
뭔지,NNP
참,NNP
사고,NNP
비리,NNP
혹시,NNP
장비,NNP
가서,NNP
악수,NNP
눈치,NNP
근거,NNP
박수,NNP
혈세,NNP
법이,NNP
너네,NNP
돈이,NNP
정보,NNP
재계,NNP
보수,NNP
대안,NNP
법적,NNP
이유,NNP
나,NNP
피해,NNP
너희,NNP
행위,NNP
통계,NNP
니네,NNP
왔다,NNP
눈에,NNP
뒤로,NNP
빼고,NNP
말로,NNP
행태,NNP
일베,NNP
노조,NNP
나도,NNP
부대,NNP
인구,NNP
증거,NNP
모두,NNP
저,NNP
실제,NNP
와서,NNP
후보,NNP
가자,NNP
극우,NNP
할때,NNP
달고,NNP
신뢰,NNP
의사,NNP
맞다,NNP
제2,NNP
최고,NNP
자료,NNP
저리,NNP
안다,NNP
야,NNP
업체,NNP
실수,NNP
뭔가,NNP
효과,NNP
재수,NNP
어이,NNP
의혹,NNP
도움,NNP
용서,NNP
어째,NNP
보면,NNP
앉아,NNP
몰라,NNP
혼자,NNP
입에,NNP
모여,NNP
집에,NNP
주면,NNP
미쳐,NNP
노예,NNP
참고,NNP
호구,NNP
사드,NNP
그걸,NNP
빌미,NNP
제일,NNP
촛불,NNP
이꼴,NNP
재미,NNP
약자,NNP
사기,NNP
부자,NNP
90,NNP
친구,NNP
한대,NNP
거지,NNP
없네,NNP
않나,NNP
없나,NNP
북미,NNP
건가,NNP
아직,NNP
역할,NNP
영향,NNP
요즘,NNP
푸틴,NNP
세금,NNP
중심,NNP
이름,NNP
죽음,NNP
단독,NNP
실력,NNP
진심,NNP
폭탄,NNP
정신,NNP
사진,NNP
목선,NNP
전국,NNP
국군,NNP
자격,NNP
법안,NNP
불법,NNP
없음,NNP
성향,NNP
한일,NNP
6월,NNP
묻고,NNP
듣고,NNP
관심,NNP
타고,NNP
갖고,NNP
목숨,NNP
있음,NNP
뇌가,NNP
알수,NNP
인재,NNP
1도,NNP
국적,NNP
국개,NNP
논란,NNP
카드,NNP
넘이,NNP
할지,NNP
혐한,NNP
민생,NNP
인물,NNP
말만,NNP
친박,NNP
시간,NNP
앞날,NNP
타격,NNP
할말,NNP
군인,NNP
사단,NNP
인성,NNP
일정,NNP
눈물,NNP
조상,NNP
구분,NNP
이웃,NNP
월급,NNP
굴욕,NNP
더욱,NNP
양국,NNP
이넘,NNP
공장,NNP
각국,NNP
한방,NNP
국격,NNP
등등,NNP
재인,NNP
뇌물,NNP
당장,NNP
녀석,NNP
일반,NNP
법원,NNP
시국,NNP
매출,NNP
졸라,NNP
자꾸,NNP
매일,NNP
쓰고,NNP
권리,NNP
고개,NNP
전체,NNP
비자,NNP
여야,NNP
1위,NNP
아마,NNP
할수,NNP
신경,NNP
이리,NNP
원전,NNP
바람,NNP
민간,NNP
주고,NNP
놀고,NNP
내고,NNP
너나,NNP
수도,NNP
맞지,NNP
두번,NNP
말을,NNP
아주,NNP
것도,NNP
의류,NNP
지령,NNP
와중,NNP
7월,NNP
상품,NNP
만약,NNP
작금,NNP
인도,NNP
한게,NNP
나창,NNP
서로,NNP
버릇,NNP
아님,NNP
생긴,NNP
뭐니,NNP
적이,NNP
죽을,NNP
뭐가,NNP
근데,NNP
주는,NNP
거의,NNP
그럼,NNP
