예결위원장,NNP
日수출규제,NNP
日경제보복,NNP
반일감정,NNP
수출규제,NNP
허심탄회,NNP
불매운동,NNP
경제보복,NNP
文대통령,NNP
무역전쟁,NNP
국회의원,NNP
나경원,NNP
윤대진,NNP
G20,NNP
황교안,NNP
WTO,NNP
김정은,NNP
정상회,NNP
광화문,NNP
윤우진,NNP
고민정,NNP
변호사,NNP
日정부,NNP
트럼프,NNP
대응,NNP
투신,NNP
상상,NNP
대표,NNP
악화,NNP
일본,NNP
외교,NNP
철회,NNP
선거,NNP
이유,NNP
빌미,NNP
비난,NNP
총선,NNP
치밀,NNP
단호,NNP
참석,NNP
주장,NNP
최대,NNP
특별,NNP
회동,NNP
추진,NNP
한국,NNP
카드,NNP
정부,NNP
우리,NNP
만나,NNP
나라,NNP
보복,NNP
아베,NNP
검사,NNP
꺼내,NNP
지적,NNP
조치,NNP
국익,NNP
하락,NNP
의혹,NNP
북한,NNP
논란,NNP
고려,NNP
비판,NNP
공세,NNP
MB,NNP
기사,NNP
요구,NNP
수입,NNP
약속,NNP
역할,NNP
제한,NNP
확산,NNP
전례,NNP
위증,NNP
임명,NNP
불매,NNP
보복조치,NNP
보복카드,NNP
논란윤대진,NNP
한국보복,NNP
대응일본,NNP
