日수출규제,NNP
6·25,NNP
수출규제,NNP
민주주의,NNP
文대통령,NNP
종전선언,NNP
트럼프,NNP
최인국,NNP
대통령,NNP
강효상,NNP
김정은,NNP
위원장,NNP
김일성,NNP
윤석열,NNP
의원실,NNP
기독교,NNP
日보복,NNP
목소리,NNP
박순자,NNP
연예인,NNP
DMZ,NNP
판문점,NNP
생방송,NNP
김상조,NNP
“전례,NNP
귓속말,NNP
황교안,NNP
통역관,NNP
산업부,NNP
저질,NNP
아베,NNP
1위,NNP
만나,NNP
나라,NNP
요청,NNP
피해,NNP
우려,NNP
우리,NNP
북미,NNP
기업,NNP
지명,NNP
차남,NNP
군인,NNP
정상,NNP
악화,NNP
전문,NNP
가입,NNP
만남,NNP
조치,NNP
카드,NNP
새떼,NNP
경제,NNP
괜찮,NNP
관계,NNP
단호,NNP
필요,NNP
이해,NNP
경고,NNP
분노,NNP
거부,NNP
월북,NNP
‘북,NNP
소개,NNP
전면,NNP
무역,NNP
투신,NNP
일본,NNP
영상,NNP
발언,NNP
정치,NNP
공방,NNP
때문,NNP
녹취,NNP
한국,NNP
한강,NNP
“北,NNP
상황,NNP
비판,NNP
약화,NNP
외교,NNP
발생,NNP
기자,NNP
퇴출,NNP
대응,NNP
조국,NNP
한국기업,NNP
