"""황교안 유세, 축구장 밖인 줄""…처벌 규정 없어 행정조치"
"경남선관위 ""황교안 경기장 유세, 위법 소지…행정조치할 것""(종합)"
‘朴정부 혁신 1호’ 지정 3년반… 남은건 공무원 명함 200장-빚 5억
"靑 ""조국·조현옥 경질, 검토된 바 없어…많은 의견 듣고 판단"""
"[청계천 옆 사진관]靑, ‘김정은 거북선’·‘백악관 방문 기념패’ 등 …"
“정권 바뀌어도 그대로” 대통령 앞에서 운 청년
"'황교안 축구장 유세' 규정 위반으로 경남FC, 제재금 2000만원"
"경찰청장 '외압' 사실상 시인…""휘둘리진 않았다"""
"선관위, ‘축구장 선거유세’에 행정조치…한국당 “지극히 부당”"
"문 대통령, 박영선 등 청문보고서 재요청…野 “선전포고”"
‘1:1’이냐 ‘0:2’냐…선거 결과 따른 정국 향방은?
"4?3보선 투표율 오후 7시 통영?고성 49.1%, 창원성산 4…"
"4·3 보궐선거, 투표율 51.2%로 마감"
4·3 국회의원 보선 투표율 51.2%…투표 열기 뜨거웠다(종합)
군 휴대전화 사용 첫날부터 ‘군스타그램’…안보는 이상무?
[4·3보선]창원 성산 여영국 막판 대역전…통영·고성 정점식 압승
[4·3보선]1대1 무승부 성적표…여야 강경 대치 장기화 전망
[4·3보선]민심 경고등 확인한 文…국정 운영 부담 더 커질 듯
"한국당 ""삼성 저격수 박영선, 남편은 삼성전자서 수백억대 사건 수…"
'심각→미소→눈물'…시간대별로 본 정의당·한국당 표정
‘강원 산불’ 불똥 맞은 나경원···“심각성 몰랐다” 해명도 논란
文대통령 지지율 41%…'유입 지지층' 다 떠났다
"""깨끗이 갈라서자""…손학규 거취 놓고 쪼개진 바른미래당"
"나경원, 강원 산불 비상인데 靑안보실장 붙잡아 논란…해명도 역풍(…"
"안보실장 붙잡은 나경원... 박지원 ""그래서 국회 욕 먹는 것"""
"초비상인데 15시간 만에 나타난 시장님…""부인과 여행"""
"나경원 “조국, 국정 망치지 말고 차라리 여의도 와서 정치하라”"
"손혜원 ""니들 아버지는 뭐했나""···카이스트 교수 ""시정잡배"""
"“이게 정상이지, 정부 역대급 재난 대응” 칭찬이 자자"
"유시민, 4·3 보선 보니 ""PK 구도 그대로…내년 총선도 격전지"""
"北전투기 5분내 격추···공군 조종사 ""화장실 간다"" 매번 보고"
강원산불에 나경원 '억지' - 민경욱 '색깔론' - 김문수의 '산불정부…
산불에도 안보실장 붙잡은 책임론에 나경원 “정쟁으로 몰아 안타까…
"나경원 ""김의겸, 불법관사 사용·불법대출 법적 책임 묻겠다"""
"[비하인드 뉴스] 속초시장 비판 나선 한국당, 사흘 전엔…"
"“경호처장, 직원 가사도우미시켜” 조선일보 보도 논란"
"""역대급 인사 불통""이라는 文···MB·朴과 비교하니"
‘구겨진 태극기’ 세운 외교부 담당과장 보직해임
국회 찾은 윤지오 “뉴시스 기자 안 왔나요?” 물은 이유
"뉴시스 '윤지오 기사' 결국 삭제... ""법적 대응"" 언급 후 사라져"
"靑 “가사도우미 조선일보 사실무근” 경호처, 법적검토"
소방관 국가직화 추진에 한국당 “국가직 아니면 불 못 끄냐”
"이언주 ""조양호, 사실상 文정권·좌파 운동권이 죽인 것"""
"산불에 주민 대피하는데 '오늘밤 김제동'? … 문 대통령 ""KBS, 국…"
“어차피 임명할 거 왜 하나”…시작도 못한 문형배 인사청문회
"본인 명의 주식거래 1300회인데···이미선 ""남편이 다 해 난 모른…"
'인권법연구회' 판사 부부의 기막힌 주식 투자
“어차피 임명할 걸 왜 하나”… ‘靑 성토장’ 된 문형배 청문회
"이언주 ""朴의 7시간 궁금했듯이 文의 5시간도 궁금, 10분 단위로 밝…"
"""하 왜 이렇게 주식이 많아""... 여당도 한숨 쉰 이미선 재산"
가격 폭등… 조종사 저산소증… F-35 개발 단계부터 잡음 컸다
“주식 남편이 다 했다” 이미선 후보자 해명에 이목 쏠린 오충진 변…
"""남편 재산 많은건 문제 안돼""···靑, 이미선도 임명 강행하나"
"""판사는 부업?""…35억대 주식 보유 논란"
文 맞이한 美의장대 '빛바랜 태극기'···朴·MB 때와 비교하니
"美 초등생 만난 김정숙 여사, 영어로 ""두 유 노우 BTS?"""
한국당 “나경원 의원실 점거 대학생들 뒤에 누가?” 의문제기
"'나경원 의원실 점거' 대학생들, ""與의원 세미나 간다"" 허위신고"
"대학생들 나경원실 점거…""저급한 발상"" vs ""사이다 외침"""
"북 넘버2 최용해 국가 수반에···북, 김정은 빼고 다 바꿨다"
주식 다 팔고 잔고 공개했지만…'이미선 보고서' 채택 무산
"이 총리 만난 강원 농민 ""고마움이 증오와 원망으로 변하는 일 없길…"
"김정은 ""오지랖 넓은 촉진자 아닌 당사자 돼야""…文 공개 압박(종합…"
"김정은, 문재인 대통령 향해 “오지랖 넓은 중재자 행세 말라”"
"[국회 말말말]“하, 근데 왜 이렇게 주식이 많아”"
"이미선 남편 ""35억 아파트였다면 이렇게 욕 먹었을까""...'맞짱 토론…"
北 '오지랖' 강공에도 文 남북정상회담 통해 돌파구 마련
"주광덕 ""조국은 이미선과 남편 뒤에 숨어 카톡질 멈추고 맞장 토론 …"
"김정은 ""오지랖 넓은 촉진자 아닌 당사자 돼야""…文 공개 압박(종합…"
“스타벅스 ‘박근혜키즈’ 안 되고 ‘문재인키즈’ 된다”
"김정은 “중재자 오지랖”에 문 대통령, 반박 안한 까닭"
“강남 35억 아파트면 욕 안 먹었을텐데” 기름 부은 이미선 남편
"윤지오 ""머투 홍선근 회장, 경찰수사 중 집에 꽃배달…두려웠다"""
장병에 존댓말 쓰고 고개 숙여… 이낙연 총리 사진 훈훈
"윤지오 '뉴스1' 기자 향해 ""제가 우스우세요?"""
"""세월호 우려먹기"", ""징하게 해먹네""... 한국당 전현직 막말 논란"
"차명진 ""징하게 해 처먹는다"" 발언 후폭풍…""소시오패스 전형""(종합…"
"차명진, 세월호 유족들 향해 “징하게 해 처먹는다” 막말"
"차명진 ""세월호 유족 징하게 해 먹는다""···논란되자 글 삭제"
"외교부 사실상 '중국국' 등장 확정…日 소식통 ""아쉽다"""
"""차명진, 너 아웃"" 동기 단톡방서 꾸짖은 김학노 누구"
"“차명진, 부인과 냉전상태”…대학동기 단톡방에서도 ‘아웃’"
"[단독] 靑, 경호처장 의혹 제보자 색출 나섰다"
황교안 “여성 몸으로 오래 구금” 박근혜 석방 촉구
"북한, 미국 치우고 중국·러시아 카드 꺼내나"
"金 구속땐 ""적폐"" 석방땐 ""현명""… 입맛대로 말하는 여당"
"이언주 ""제가 바른미래당 창당주도, 이렇게 살아남는건 용납안돼"""
"김정은, 트럼프 보란 듯 ""마음만 먹으면 못 만들 무기 없다"""
"황교안, 박근혜 석방 요구한 날… 박근혜, 형집행정지 신청"
홍준표의 황교안 저격 “잘못된 시류에 영합하는 건 지도자 아니다”
간담회 도중 울먹인 나경원 “우리 아이 취준생인데 5번이나 떨어졌…
"[단독] ""이미선 찬성 여론 급증""···알고보니 질문 달라졌다"
세 대통령 통역한 배우 박선영 남편… 외교관 버리고 SK행
"""박근혜 꾀병부릴 사람아냐"".. 형 집행정지 놓고 정치권 충돌"
"사과하며 취임한 이미선…野 ""文, 국회 포기선언"""
세 대통령 통역한 배우 박선영 남편… 외교관 버리고 SK행
"유시민·홍준표 12년 전 '술자리 기싸움', 유튜브 '빅매치'로 이어…"
"이언주 ""한국당, 총선 전에 갈 것""···하태경 ""잘 가라"""
김대중 전 대통령 장남 김홍일 전 의원 별세(1보)
"황교안 '문재인 STOP!' 장외투쟁…당 추산 ""3만 인파 모여"""
"""이희호 여사, 위중한 상태…세브란스병원 입원해 치료 중""(종합)"
대통령의 아들…‘DJ 장남’ 김홍일 전 의원의 굴곡진 인생
"""이희호 여사 병세 위중···김홍일 별세 소식 안 알리기로"""
"가이드 ""한국 광주에도 천문대""-文대통령 ""경주""라며 정정"
"이희호 여사, 세브란스 입원중 ""위독은 아냐...아들 작고 몰라"""
“문재인 딸 얘기 하지마” 문다혜 언급하려다 학부모에게 혼난 곽상…
"황교안을 향한 이해찬의 경고 ""정치 처음 시작하는 분이..."""
‘김정은 대변인’ ‘구걸’ 발언에 발끈한 이해찬 “정치 그렇게 하는 …
"이해찬 “황교안, 또 ‘김정은 대변인’ 발언하면 용납 않겠다”"
"‘그래서 징징거렸나’ 손혜원, 한국당 희망 이언주 비판"
"유시민 ""직업으로서의 정치 안해…대선후보순위 내려가 다행""(종합)"
"탈원전 선언한 文에게 카자흐 ""원전 세우고 싶다"" 제안"
“문재인 딸 얘기 하지마” 문다혜 언급하려다 학부모에게 혼난 곽상…
"유시민 ""내 대선후보 지지율 계속 내려가 사라지길…직업으로 정치 …"
"탈원전 文대통령 앞에서…카자흐 실권자 ""원전 짓고싶다"""
"[종합] 문희상에 '뺨 만져진' 임이자 한국당 의원···""성적 수치…"
"한국당 ""문희상, 여성의원에 신체접촉···고발조치할 것"""
"문희상 의장 병원행…한국당 의원들 ""사보임 허가 말라"" 충돌(종합)"
김정은 '하노이 쇼크' 문책…통전부장 김영철 결국 잘렸다
"임이자, 문희상 바로 앞서 양팔 벌리고 등까지 만져 '점거농성 동영…"
"문희상 볼 감싸기, 성추행 적용 가능할까…변호사 의견은"
"박지원 ""문 정부 경제 비판해야 할 한국당, 문희상 vs 임이자 성추…"
"한국당에 감금된 채이배, 창문틈 회견 ""창문 뜯어서라도 나가야""(종…"
'초고속 승진' 고민정 대변인…KBS 아나운서→40세에 발탁
"[비하인드 뉴스] ""키 작은"" ""결혼도 포기""…임이자 '의문의 1패'?"
엉덩이도 드러났다…카메라에 잡힌 김정은 'B급 사진'
"'화환까지 준비했는데'…김정은, 시찰 취소하고 조기 귀국길"
"폭주하던 김관영 ""해명·숙고 시간 갖겠다""...패스트트랙 속도조절?…"
"문 대통령 ‘아픈 손가락’ 고민정, 청 대변인으로 ‘친문 핵심’ 공인"
나경원 '빠루' 갖고 등장… 빠루는 누가 들었나
"""잘 들어"" ""혼나볼래""…지도부, 육탄전 못지 않은 '반말 설전'"
"'손 흔들며 레드카펫 입장' 나경원 ""빠루로 부숴도 굴복안해"""
"與 ""징역 5년 각오해라"" 20명 고발… 한국당 ""50년도 살 수 있다"""
육탄전으로 민주당 막아낸 뒤···눈시울 붉어진 나경원
"패스트트랙 불발에 한국당 ""우리가 승리했다""…환호·박수"
"배현진 “‘이니 하고 싶은 거 다하라’던 청년, 이제 ‘이니 하지마'"""
“독재타도” 외치는 자유한국당 의원들에 뼈 때린 표창원
"배현진 ""'이니' 스탑""… 한선교 ""예쁜 아나운서, 안 이랬는데"""
"배현진 “이니 스톱”…한선교 “예쁜 아나운서, 文정부가 민주투사 만…"
"배현진 ""文 정부가 국민 개·돼지로 몰아""…한선교 ""예쁜 아나운서…"
1시간에 1만명씩… 자유한국당 해산 국민청원 돌파 속도
"""자유한국당 해산"" 청와대 국민청원에…""민주당 해산"" 맞불"
‘자유한국당 해산’ 청와대 청원 맞불… ‘더불어민주당 해산’ 등장
"“한국당 해산”, “민주당 해산” 청와대 국민청원 사이트 몸살"
"최악 마이너스 성장인데...文대통령 ""우리 경제 기초체력 튼튼"""
민주당과 지지율 차 6%P인데…'한국당 해산' 청원은 왜 8배일까
'한국당 해산' 靑청원 132만건 역대 최다...하지만 몇명이 동의했는…
‘10분 1만씩’ 자유한국당 국민청원이 자꾸 세우는 기록들
자유한국당 해산 청원 120만명...맞불청원은 15만명
'한국당 해산' 청원 75만 넘어…하루만에 50만 이상 급증(종합3보)
