title,month
"北김정은 ""조선반도 항구적 평화지대로 만들려는 확고한 의지""(종합…",1
"문대통령, 의인 6명과 75분간 남산 등반 '새해맞이'",1
김정은 파격 변신… 원고 들고 집무실 소파에 앉아 토크쇼 연출,1
"軍, 日 레이더 영상 공개에 맞대응…'반박 영상' 제작",1
"김정은 신년사, 정상국가 이미지 강조…김여정·조용원 실세 재확인",1
공군 역사상 42명 배출된 정예 ‘테스트 파일럿’에 첫 여성 선발,1
"'세대교체' 4대 기업 총수, 신년회서 처음으로 한 자리 '눈길'",1
“금강산 관광·개성공단 조건없이 재개”…의도는?,1
"'경제 성과 원년' 천명한 文대통령···""모두의 오늘 행복 만들겠…",1
"118일만에 법정 나온 MB, 주민번호 질문에 ""뒷번호 모르겠다""",1
"국정원 ""조성길 北대사대리 부부 작년 11월초 공관 이탈해 잠적""",1
"北 대사대리 2달째 잠적…""우리 정부엔 연락 없어""",1
"'靑 특감반 의혹' 김태우 검찰 출석…""청와대 행태에 분노""",1
"'靑 특감반 의혹' 김태우 검찰 출석…""청와대 행태에 분노""(종합)",1
"국정원 ""조성길 北대사대리 이탈리아에 있을 것으로 추정""(종합)",1
靑 임종석 실장 등 1기 참모진 대거 교체…이달 유력,1
"[단독] 北, '놀가지' 색출령···조직지도부 이탈리아 급파",1
잠적한 北대사대리는 어디에?…행방에 '추측 무성',1
대통령집무실 광화문 이전 보류…현정부서 사실상 무산(종합),1
"청와대, 다음 주 임종석 비서실장 후임 발표...노영민 유력",1
"수리온, 2500억 규모 필리핀 수출 최종 무산",1
"한국·바른미래 ""대통령집무실 광화문이전 무산, 정부 사과해야""",1
"태영호 전 북한공사 ""조성길 한국行 선택 아닌 의무""",1
이탈리아 北대사대리 망명 타진 한반도 정세 미칠 파장은,1
"'광화문 청와대' 사실상 무산…野 ""공약 파기 사과해야""",1
귀·눈썹 안보여도 주민증 사진 가능…내비로 정체구간 음성안내,1
[취재파일] 북한 숨통 죄는 초강력 제재…밴쿠버 그룹의 해상차단,1
연초부터 '한국 때리기'…판 키우는 아베 속셈은 [뉴스+],1
"이언주 ""유시민은 '노회한 꼰대' '한물간 사회주의자'""",1
"한국·일본 정면 충돌…‘초계기 레이더’ 쐈나, 맞았나",1
"문대통령, 통계청에 ""강압적 방법으로 통계 작성하면 안돼""",1
"靑 ""행정관이든 수석이든 같은 비서…참모총장 못만날 이유없어""",1
연이은 靑 인사개입 논란에 野 “코미디” vs 與 “사실관계 파악 중”,1
"문대통령 ""일자리가 가장 시급…중기·벤처가 경제에 활력 줘야""",1
유시민 “대선 출마 생각 전혀 없어… 2년 뒤 요구 있어도 피할 것”,1
"김정은, 방중으로 2019년 정상외교 시동…의제 주목",1
'떠나는' 임종석-'새출발' 노영민…아쉬움-기대감 교차한 춘추관,1
"文대통령, 노영민 비서실장·강기정 정무·윤도한 소통수석 임명",1
"文대통령, 靑2기 비서진 인사…임종석, 오후 4시 춘추관서 직접 발…",1
"노영민 ""춘풍추상 정신 되새길것""",1
스마트폰 보증기간 1년→2년 연장…배터리는 1년 유지,1
"문대통령, 비서관 6명 임명…정무 복기왕·국정홍보 여현호(종합)",1
로스쿨생 절반 떨어지는 변호사시험… 사교육·반수 열풍 가속화,1
"문대통령 ""비서실장도 경제계 인사 만나야…투명하고 당당하게""",1
"日, 징용기업 압류 승인에 '2개국 협의' 한국에 요청키로",1
'90분' 직접 사회…좌중 웃음 자아낸 文대통령(종합),1
"경제 묻자 굳은 표정, 北 이슈엔 환한 미소···90분 응축한 두 장…",1
'총 쏘는 게임' 접속 기록으로 양심적 병역거부 진정성 확인한다,1
"文대통령 ""김태우, 수사로 가려질 것…김정은에 친서""(종합2보)",1
신기술 '고속도로' 열린다…규제 샌드박스 17일부터 시행,1
"軍, 올해부터 5년간 국방비 270조 투입…'강한 군대' 조기 구현",1
"시나리오 없는 90분 '치열한 질문'…文, 현안엔 적극 반박",1
5년간 270조원 투입…軍 전력증강 순항할까 [박수찬의 軍],1
"문 대통령, 3년차 최대 고민 일자리… “고용지표 부진 가장 아프다”",1
"양승태 ""'징용소송 개입' 기억 안 난다…실무진이 한 일""(종합)",1
"[단독] 황교안 ""한국당 대표 선거 출마""…친박·TK 결집",1
"[취재K] 문 대통령 “개성공단, 북한보다 우리가 더 큰 이득”…따져…",1
"한국당 뺀 여야, '황교안 정치활동 예고' 비판…""국정농단 책임""",1
"美, 대북 인도적 지원 허용… 제재 완화 신호탄인가 [특파원+]",1
한국당 조직위원장 공개오디션 종료…전·현직 의원 무더기 탈락(종…,1
한국당 조직위원장 공개오디션 종료…전·현직 의원 무더기 탈락(종…,1
"與, 손금주 입당·이용호 복당 '불허'…""우리 당과 안맞아""(종합)",1
"日언론 ""트럼프, 北에 '내달 중순 베트남서 2차 정상회담' 제안""",1
"野, 이해찬 회견 혹평…""일방통행"" ""유체이탈 극치""",1
전투차량 싹 바꾼다...터미네이터 같은 무인車도 검토,1
"문대통령, 내일 기업인과의 대화…이재용 등 5대그룹 총수 참석",1
"10대그룹 총수, 文대통령 초청 기업인 간담회서 '첫 한자리'",1
[단독] “청구권 협상 여부 30일내 답하라”… 日의 도발,1
"韓日 '초계기 갈등' 회의 이견 팽팽…""공동보도문 불투명""",1
배우 김규리가 ‘文 블랙리스트’ 주장을 비판한 까닭,1
"전현희 ""카풀 서비스 중단, 택시 업계 응답할 차례다""",1
"국방백서 '북한=적' 지웠다…""北, '요인암살' 특수작전대 창설""",1
"문대통령, 총수들과 커피산책…대북사업 현정은엔 ""속도 내겠다""",1
주일미군 “북핵 15개 이상 보유”…사실상 핵보유국 인정 논란,1
"국방부 ""日, 광개토함 전체 레이더정보 요구…대단히 무례""(종합)",1
英 하원서 브렉시트 합의안 사상 최대 표차로 부결(종합),1
퇴근길 서울·경기 눈 예보…내일 새벽까지 눈 쌓이는 곳도,1
"[탐사하다] ""막판 7700억 퍼주기, 난 일자리자금 영업사원이었다""",1
"“나를 밟아 죽이려는 것” 손혜원, ‘목포 조카집’ 사진 공개하며 적…",1
"레이더 갈등 퍼나르는 日…우리軍, 강경대응 급선회",1
6년뒤 3천만원대 반값 수소차 나온다…2040년까지 620만대 생산,1
"문대통령 ""미세먼지 '나쁨'이면 가슴 철렁…특단 대책 강구하라""(종…",1
"文대통령 ""수소경제, 정부의지 확고…기회의 문 열 것""",1
日방위성 韓무관 초치에 국방부 '발끈'…레이더 갈등 '해법 묘연',1
"민주, 서영교 '당직 사임'-손혜원 '보류'…野 거센 공세",1
"“서영교 원내수석 사퇴, 손혜원 투기의혹 없어”…한국 “초권력형 비…",1
"손혜원 ""검찰수사 요청하겠다…단, 조합·건설사 조사 응해야""",1
동물 학대해 죽이면 3년 이하 징역…'애니멀 호더'도 처벌,1
민주 '서영교·손혜원 조치'에 야권 성토…논란 지속 전망,1
JSA 경비대대 창설 67년만에 첫 한국군 여군대원 성유진 중사,1
"손혜원 ""목포 숨은 가치 알려지길""…박지원 ""모두 속았다""(종합)",1
[런던 통신] 영국이 주민등록 안 만드는 이유,1
박지원 “모두가 속았다…손혜원은 복덕방 개업했어야”,1
"日, 초계기 경고음 공개 방침에…軍 ""부적절한 여론전"" 반박",1
"김영철-트럼프 '반쪽' 회동, 2차정상회담 장소 미정…왜?",1
"한국당 ""손혜원 기자회견 맹탕…의원직 내려놓고 수사받아야""",1
"'목포투기 의혹' 與 손혜원, 탈당키로…""의혹 밝힌뒤 복귀할것""(종…",1
"'목포 투기 의혹' 민주 손혜원, 탈당키로…""국민 소모전 안돼""(종합…",1
"'목포 투기 의혹' 민주 손혜원, 탈당키로…""국민 소모전 안돼""",1
'투기 의혹' 손혜원 의원 기자회견,1
"[단독]김정숙 명의 文 홍은동집, 매입자는 손혜원 前보좌관",1
"문 대통령, 임종석·한병도 외교특보 위촉…비서관 4명 전보 인사 …",1
김수현 “공시가 현실화 국민 공감대···서민은 타격 없게”,1
"日레이더탐지음 공개에 軍 ""실체 모를 기계음""…한일 '평행선'",1
"국방부 ""한일 레이더-위협비행 협의중단 日발표 깊은유감""(종합)",1
"[단독] 美, 방위비 10억 달러 최종 제안...정부 ""9,999억 이상 안 …",1
"'레이더 갈등' 국면전환…몰아붙이는 韓, 치고 빠지는 日",1
"""옆 나라가 무서워""…일본의 '국제쇼' 처음 아니다",1
"진실규명 책임 떠넘기고 발 빼는 日…국방부 ""위협비행 사과해야""",1
"15~64세 낸 세금 106조, 0~14세에 57조 노년층에 49조 배분",1
"""옆 나라가 무서워""…일본의 '국제쇼' 처음 아니다",1
"軍 ""日초계기, 오늘 韓군함 540ｍ거리 위협비행…강력규탄""(종합)",1
日초계기 이번엔 초저고도 위협…韓사격레이더가동 유도하려했나,1
"외교부 ""그랜드캐년서 한국인 추락…영사 조력 제공""",1
"국방부 ""日초계기, 우리 함정 향해 오늘 또 근접비행""(3보)",1
"'위협비행사태 중심' 日초계기, 총 110여대…한국의 7배 수준",1
"軍, 日 초계기 위협비행 사진 공개…""기계는 거짓말 안 해""",1
논란 끝내자 한 뒤 ‘치밀한 도발’…일본의 노림수는?,1
"靑 조해주 임명에 한국당 반발…""지금부터 모든 국회일정 거부""",1
"여야, 손혜원 논란 이어 조해주 임명 놓고 공방…정국 '꽁꽁'",1
"日초계기 위협비행 사진 본 항해사들…""해적이나 하는 행위""",1
작년 담배판매 1.5%↓…궐련 3억갑 줄고 전자담배 3.3억갑 팔려,1
입닫은 日·강경해진 韓···한일관계 돌파구가 없다,1
"손혜원 동생 ""내 아들 위해 건물 매입? 누나가 거짓말""",1
"김부겸 ""새 광화문안 절대안돼"", 박원순 ""절대안되는 일 어딨냐""(종…",1
“일본 초계기 위협에 군사 대응하면 아베 전략에 말려드는 셈”,1
"박한기 합참의장, 日초계기 위협비행에 ""작전반응시간 단축해야""",1
김부겸-박원순 날선 신경전…새 광화문광장 놓고 '충돌',1
日 위협비행 아니라면서도 초계기 비행기록 못 밝히는 이유,1
"나경원 ""'단식' 용어 논란에 유감…진정성 알리고 싶었다""",1
"日도발 재발시 공군 전투기 출격?…""아베 의도 휘말려"" 우려도",1
"순시엔 순시로, 점퍼엔 점퍼로…韓日국방장관 팽팽한 기싸움",1
"민주-한국, 대치전선 '최고조'…""막장 드라마"" vs ""이게 나라냐""",1
치킨 게임으로 비화된 한일 초계기 갈등…제동장치 없나,1
美 분담금 압박·中 KADIZ 침범·日 초계기 위협…韓 외교 3중고,1
"靑 ""대통령 집무실에서 일한게 '방콕'이라니…가짜뉴스""",1
"나경원 ""장제원·송언석 이해충돌 조사""…표창원 ""전수조사해야""",1
“주식은 안 되고 부동산은 된다?”…‘이해충돌’ 기준 모호,1
"[단독] ""박근혜와 다투던 김종인···손혜원이 문재인과 연결""",1
일본이 초래한 '초계기 갈등'…양국 관계 갈수록 악화,1
"'나비처럼 날아가십시오' 文대통령, 故김복동 할머니 조문(종합)",1
"문대통령, 김현철 경제보좌관 사표 수리…사실상 문책 인사(종합)",1
황교안 당대표 출마…“내년 총선서 압도적 제1당 만들겠다”,1
‘코리아패싱’ 최악 치닫는 한일 관계…일본 의도는?,1
"읍참마속?…文대통령, 김현철 사표 즉각 수리 배경은",1
‘그랜드 캐니언 추락’ 10억 치료비… “사고마다 세금 지원 힘들어”,1
"야 ""김경수,민주주의 파괴...文관여 수사"" 여 ""짜맞춘 판결""(종합)",1
"정국 격랑속으로…與 ""김경수 보복성 판결"", 野 ""즉각 사퇴""(종합)",1
공군 첫 공중급유기 실전 배치…독도·이어도 작전시간 확대,1
"손혜원 동생 ""여섯번 떨어진 아버지 포상, 누나가 또 신청하라 했을…",1
“문 대통령 특검” “대선 불복 시도”··· 여야 충돌,1
김경수 구속 놓고 與-사법부 정면충돌..정국 '시계제로',1
현대重·대우조선 합치면 방산도 시너지…군함·잠수함수출 기대,1
"법정구속된 김경수, 도정 공백 우려…""국민들께 죄송""",1
"김경수, 경남도민에 옥중편지 ""진실은 반드시 돌아옵니다""",1
안희정 전 충남지사 2심 선고 법원 출석,2
최교일 “옷을 다 벗은 사람 없어”…“가이드는 민주당 지지자”,2
[서소문사진관]도시락 먹고 힘내요. 문 대통령 취약계층에 직접 도…,2
"""대선불복 망동"" vs ""헌법불복""…여야 김경수 여론전(종합)",2
"""김경수 편파 방송에 절망... JTBC는 본인들 문제나 잘 정리하라""",2
찬반 엇갈린 兵 휴대전화 사용…현장 목소리 들어보니,2
"문 대통령 ""서로 챙겨서 안전사고 없는 설 명절 기원""",2
박근혜 옥중서 68번째 생일 맞아…구치소 앞 3천명 집결,2
'그때는 틀리고 지금은 맞다?' 김영란法땐 이해충돌 빼더니,2
안희정 ‘위력행사’ 엇갈린 판결…유죄 근거된 ‘서울·스위스 호텔’,2
유아용 카시트 들고 버스 타기?…부모도 기사도 당황시킨 법안,2
"홍준표 ""여론조작, 文대통령 부부 연루…대국민 사과해야""",2
"홍준표 ""이명박·박근혜 석방 운동 하겠다""",2
전국 구제역 긴급접종 마쳐…소 살처분은 '8년 만 최다',2
'사생활 보장' 좋지만 '보안' 문제라는데…,2
"""감당 할 수있겠습니까?""…일본 초계기 일주일 뒤 중국군 들어온 이…",2
첫 관문 넘은 남북 도로연결…경제성 따져봤더니,2
'사생활 보장' 좋지만 '보안' 문제라는데…,2
방위비 급한 불 껐지만…'유효기간 1년'이 남긴 부담,2
"어서와, 청와대는 처음이지?…그곳의 24시",2
"'아 옛날이여~' 떨어지는 文 지지율, 언제 반등하나?",2
"[현장영상] 故 김용균 씨 후속 대책 발표 ""발전소 근로자 정규직화""",2
"文대통령, 설날 양산 자택서 보내…나태주 시인 '풀꽃' 소개",2
"""박지원 대신할 정치인 찾자""…비수 꺼낸 손혜원",2
"""PK 놓치면 정권 재창출 어렵다""…조국·윤건영 靑복심들 차출되나",2
"인구500만에 공항만 5개, ""공항은 정치거물 전쟁터""",2
"트럼프-김정은, 베트남에서 1박2일... 남북미중 종전선언 추진 관측…",2
"트럼프 ""北 김정은과 27∼28일 베트남서 만나···큰 전쟁 났을 수…",2
"트럼프·김정은, 27∼28일 베트남서 2차 북미정상회담<폴리티코>(종…",2
김정은 집권 이후 첫 서해직항로 방북…‘빅딜’ 합의 나올까?,2
종전선언 급물살 타나…文대통령 '베트남 합류' 가능성은,2
트럼프 “나토 방위비 1000억 달러 증액”…한국에 압박 커지나,2
"박지원 ""손학규, 유승민 못 잡을 것…안희정·김경수 이어 또 민주…",2
1년 + 10억달러 ‘방위비 분담금’ 이르면 오늘 가서명,2
"다낭 호텔 벌써 ""예약 불가""…北은 하노이 선호",2
지만원 '거짓 판명' 5·18 北 개입설 또 반복…비난 쇄도,2
한국당 “손혜원 국조 받아라”…민주 “의혹 있는 모든의원 다…”,2
“정책 나올때마다 시장왜곡 우려” “주52시간도 또하나의 규제”,2
"""朴 전대통령 건강 좋지 않지만… 위독설·체중39㎏은 사실 아니다""",2
"文대통령 ""예타 제도 유지…균형발전 위해 개선 필요 있어""",2
지만원 '거짓 판명' 5·18 北 개입설 또 반복…비난 쇄도,2
"여야, '5·18 폄훼' 김진태·이종명 질타…출당 촉구도(종합)",2
"하노이行 김정은…北, 베트남 국빈방문 54년만에 이뤄지나",2
2차 북미 정상회담 개최지 베트남 하노이는 어떤 곳,2
2차 북미정상회담 시기·장소 '완전히' 확정…文대통령 역할에도 눈…,2
"""할 만하지 말입니다""…확 달라진 군대 가보니 [밀착취재]",2
韓美방위비분담협정 가서명…8.2% 인상 1조389억·유효기간 1년(종…,2
1조389억·유효기간 1년…방위비 협상이 남긴 의미는 [뉴스+],2
"탁현민 ""靑 영빈관, 세계 국빈행사장 중 최악… 개보수 필요""",2
"나경원 ""5·18 희생자에 아픔 줬다면 유감""",2
"여야 4당 '5·18 모독' 질타…""한국, 사과·출당 등 징계""(종합)",2
"'5·18 폄훼' 한국당 3인 사과 없어…""유공자 명단 공개해야""",2
"홍준표 ""끝까지 함께 못해 유감"" 전대 불출마 선언",2
'5·18모독' 비판에 靑도 가세하며 파문확산…코너몰린 한국당(종합…,2
"과거사 부정, 혐오 정치…한국당 '지지율 계산서' 있나?",2
[밀리터리 인사이드] 월 4000원으로 샴푸·치약·비누 다 사라고요?,2
모든 정치 이슈 집어삼킨 '막말'…파장 어디까지,2
"한국당, ‘5·18 망언’ 나흘 만에 사과…여야 4당 징계안 제출",2
한국당 “5ㆍ18 공청회 내용은 ‘허위ㆍ날조’…당 윤리위에 회부”,2
"외교부, '위안부 문제 일왕사죄' 文발언…철회권고 안한다",2
"문대통령 ""부산·세종 스마트시티 성공하면 한국경제 일어설 것""",2
"한국당, ‘5·18 망언’ 나흘 만에 사과…여야 4당 징계안 제출",2
"트럼프 ""방위비 5억 달러 더"" 돌발 발언…내년 협상도 험로",2
“지만원 주장 ‘5·18북한군 묘’…DNA 검사 결과 5살 아이”,2
"김병준 ""5·18 희생자·유가족에 사과…요구 100% 수용 어려워""",2
"문대통령 ""최저임금 결정 과정서 자영업자 의견 충분히 대변""",2
"한국당, 이종명 제명…김진태·김순례 전대 이후로 징계유예",2
'아픈손가락' 자영업자 만난 대통령…최저임금 속도조절 힘싣나,2
"김진태·김순례 징계유보…민주·야3당 ""안일한 꼼수·국민기만""",2
"자영업자에 ""늘 미안하다""는 文…정책 성과 '기다림' 주문",2
"문대통령 ""일제시대 비뚤어진 권력기관 그림자 벗는 원년돼야""",2
대통령과 자영업자 첫 만남…'최저임금' 간극 얼마나 좁혔나,2
"""5·18 망언 3인방 추방""…의원 절반 뭉쳐 '제명 공조'",2
‘5·18 망언’ 고소·고발 확산… 법정서 결판 난다,2
"""사법개혁 못미뤄""…문대통령, 동력상실 전 개혁완수 강한 의지",2
"""망언 3인방 퇴출하라"" 39년 전 광장 다시 메운 시민들",2
문희상 '일왕' 발언 항의 여부 두고 한일간 진실공방,2
여야 4당 ‘5·18 망언’ 징계 유예 일제 성토…한국 “비판 도 넘어”,2
"민주 ""5·18 망언 3인방 퇴출을"" vs 한국 ""공세 위한 공세""",2
[단독] ‘황당’ 드루킹 플랜이 문재인 대선연설에 인용됐다는 김경수…,2
"""망언 3인방 퇴출하라"" 39년 전 광장 다시 메운 시민들",2
“https 차단 정책 반대”…靑 국민청원 20만 명 넘어,2
"대구시장 ""5.18 망언 사과""…광주시장 ""큰 힘 된다"" 화답",2
"강경화-고노, ‘일왕사죄’ 文의장 발언…항의 있었나 없었나",2
"문 대통령, 암투병 중인 MBC 이용마 기자 병문안",2
국군장병 전투복 어깨 태극기 위장색→원색 바뀐다(종합),2
"'5·18 망언'에 文대통령 ""민주화·헌법정신 부정…부끄러워해야""",2
스텔라데이지호 '블랙박스' 찾았다…항해기록저장장치 회수(종합),2
"靑 ""文, 트럼프 노벨상 직접 추천 안해…수상 자격은 충분""",2
스텔라데이지호 블랙박스 회수…사고 규명 기대(종합),2
[밀리터리 인사이드] 적자 1.6조…‘군인연금 개혁’은 왜 미완성인가,2
"文 ""모든 국민이 전 생애 기본생활 영위…포용국가 청사진""(종합)",2
"文대통령 5·18 언급에 4당 '동감'…한국당만 ""갈등조장""(종합)",2
UAE 왕세제 26일 공식 방한...文대통령과 정상회담,2
"DJ 편에 섰던 지만원, 왜 '극우 망언자'가 됐나",2
[단독] 靑 ‘임시정부 수립일’ 4·11 공휴일 추진…“대한민국 뿌리는…,2
"文대통령 ""5·18 망언에 분노…폄훼 시도에 맞서겠다""",2
"K-2 전차, '우여곡절' 2차 양산 돌입…6월부터 106대 전력화",2
靑 “블랙리스트 먹칠 삼가라” 한국당 “330개 기관 660명 달해”,2
"靑 ""블랙리스트라는 먹칠 삼가길"" 조목조목 반박, 근거는",2
"文 ""포기 않고 열심히 사는 하루하루가 인생 답 될 것"" 졸업식 축사",2
靑 “블랙리스트 먹칠 삼가라” 한국당 “330개 기관 660명 달해”,2
"""빽 없어 떨어진 채용비리 피해자 잠정 55명..더 많을 수도""",2
[단독] '5·18 역사 왜곡' 7년 이하 징역 추진…초안 입수,2
"안희정 부인 민주원, 김지은 메시지 공개...""'뉴스룸' 미투에 정신 …",2
"인도 ""원전건설에 한국 참여했으면""···文 ""많은 기회 달라""(종합…",2
"북핵 개발의 심장 영변, 美 폐기 집착보단 영구 불능화에 무게",2
"서로 ""형제""라 부른 韓-인도 정상…원전 수주도 가시화",2
"문대통령, 모디 총리 '극진 환대'…신남방정책 드라이브 가속",2
[북미회담 D-5] 'WMD동결' 꺼내든 美…先 동결-後 완전비핵화 수…,2
'박근혜·탄핵·태블릿PC' 공방으로 막 내린 한국당 TV토론회(종…,2
中 군용기 카디즈 또 침범…이번엔 울릉도 독도사이 진입,2
'3·1 운동 상징' 유관순 열사가 3등급?…또 논란된 서훈,2
"北 김정은, '국빈 방문' 아닌 '공식 방문' 이유는?",2
"국방·외교부, 中무관·공사참사관 초치해 KADIZ 진입 항의(종합2…",2
"5시간 하늘길 대신 60시간 철길 선택, 왜?…'열차 정치'",2
'3·1 운동 상징' 유관순 열사가 3등급?…또 논란된 서훈,2
한국당 전당대회 선거인단 투표율 최종 24.6% 기록,2
"[북미회담 D-3] 김정은, 하노이行 '열차행군'…편의·시찰·철도연…",2
멜라니아-리설주 첫 '퍼스트레이디' 만남 사실상 무산,2
문 대통령 “한반도 운명의 주인은 우리···신한반도체제 주도적 …,2
김정은 4500㎞ ‘열차행군’…북중 혈맹 과시·美견제 파격 이벤트,2
"손혜원 ""나경원 어리석은게 아니라면 진짜 무서운 사람""",2
"[북미회담 D-2] 김정은, 열흘 넘을 장기외출…""공백 우려 없다"" 자…",2
'신 한반도 체제' 천명한 文…운전자론에 역사의식 결합,2
"文대통령 ""친일청산이 정의 출발…유관순 건국훈장 대한민국장""",2
[현장영상] 김정은 위원장 베트남 동당역 도착,2
‘3박4일’ 열차 타고 온 김정은… ‘4박5일’ 베트남 일정 돌입,2
"‘맘까페’ 제보자 ""레벨 높이고 엄마인척...나름 치밀""",2
"김정은, 66시간 열차타고 베트남 동당역 도착...자동차로 하노이行",2
"황교안, 입당 44일만에 당대표…민주당출신 조경태 최고위원 1위(종…",2
"황교안 한국당 신임대표...""文 맞서 치열한 전투 시작할 것""(종합)",2
한국당 새 대표에 황교안…입당 43일 만에 당권 장악(2보),2
"KF-16 항공기, 이륙 13분만에 해상 추락…조종사 무사귀환(종합)",2
"KF-16 항공기, 이륙 13분만에 해상 추락…조종사 무사귀환(상보)",2
"백악관, 회담결렬 확인…""합의 이르지 못했으나 향후 만남 고대""",2
北美정상 2차 핵담판 결렬…한반도 정세 '시계제로'(종합),2
北美 2차 핵담판 결렬…金·트럼프 합의서없이 회담장떠나,2
"""영변 외 큰 핵시설"" 北도 놀란 카드…""비밀 시설 2곳""",2
"트럼프 ""영변 외에 발견한 게 있다…우리가 안다는 데 北놀라""",2
"""영변 외 큰 핵시설"" 北도 놀란 카드…""비밀 시설 2곳""",3
"[단독] 최선희 ""핵시설 전체를 폐기 대상으로 내놓은 적 없다…우리…",3
'영변+α' vs '5건 완화'…기자회견으로 드러난 北·美 입장차 [뉴…,3
"""김정은, 의욕 잃었다""는 北…'새 상봉 약속' 강조한 이유",3
[현장영상] '합의 불발' 이후 처음 모습 드러낸 김정은 위원장,3
태영호 “김정은 화 많이 났을 것…김여정·간부들 표정도 어두워”,3
北美정상회담 결렬 불구..베트남 정부 광고효과 '대박',3
北美 '우라늄진실공방' 17년만에 재발?…영변外 농축시설 '불씨',3
북·미 회담 아쉬움 뒤로하고…55년 만에 만난 북·베트남 정상,3
"막 내린 김정은 베트남 4박5일…화려한 입성, 씁쓸한 귀국(종합)",3
"한미, 키리졸브·독수리훈련 종료 결정…""비핵화노력 뒷받침""",3
"너무나도 달랐던 김정은의 셈법, 트럼프의 계산법",3
김정은은 과연 '빈손' 귀국일까…베트남 4박5일의 득실,3
"[밀착마크]이종걸 ""대통령되면 이리 달라지나···文에 감동""",3
"北노동신문 ""김정은, 베트남 방문 성과적…획기적 사변""",3
총리 경고도 안 통하자 정부 ‘초강수’…보육대란 초기 진화 뜻,3
'빅딜문서'엔 무슨 내용이…완전비핵화·경제보상 상세히 담은듯,3
"트럼프 ""韓과 훈련 원치않는건 수억불 아끼려…北과 긴장완화도""(종…",3
"9개월 만에 NSC 주재한 文대통령 “북미 대화, 오랜 공백 안 돼”",3
"북미회담 실패 日탓한 유시민·정동영···""현실 모른다""",3
[단독] 미국서 찾아내 북한이 놀란 곳은 분강,3
규모 줄인 '동맹' 훈련 시작…'돈 얘기' 먼저 꺼낸 트럼프,3
"文대통령 ""공기정화기 재정지원""…미세먼지 '비상한 조치' 주문(종…",3
[오마이뉴스 여론조사] 유시민 등장하자 황교안-이낙연과 '3강',3
"文, 미세먼지 긴급보고…""공기 정화기 보급에 재정지원""",3
"정부, 4·11 임시공휴일 지정 않을듯…""아이들 돌봄 문제 고려""",3
"美CSIS·38노스 ""北동창리 발사장 재건 움직임""…의도는 불분명(…",3
"文대통령 ""미세먼지 긴급대책 中과 협의…필요시 추경 긴급편성""(종…",3
北 동창리 미사일 시험장 일부 복구…北 어떤 의도?,3
“아방궁 맞는 것 같다” 권양숙 여사 농담에 황교안 대표가 보인 반…,3
출퇴근 자가용 카풀 허용…택시에 플랫폼 서비스 적용도(종합),3
北 동창리 미사일 시험장 일부 복구…北 어떤 의도?,3
"동창리 발사장 복구 움직임… 北, 美에 제재완화 압박?",3
"軍, 드론 활용해 적 '완전 격멸'…수기사 공지합동훈련",3
'5·18 망언' 3인방·서영교·손혜원 등 징계 수순…내달 윤곽,3
중기 박영선·행안 진영·통일 김연철…文대통령 7개부처 개각,3
"文정부 2기 개각에…與 ""적재적소"" vs 野 ""점입가경""(종합)",3
"文, 오늘 개각…박영선 중기부-진영 행안부 가닥",3
"靑, 오전 11시 30분 개각 발표…입각 명단 확정",3
"北, 북미정상회담 무산 첫 언급…""뜻밖에도 합의문 없이 끝나""",3
"김정은, 하노이 후 첫 대내메시지 ""경제발전보다 절박 임무 없어""(…",3
美 한해 최대 700억원 부담… 올해 국방예산의 0.01% 수준,3
"北시험발사로 옮아가는 美우려…""가능성 배제못해 vs 근거 없어""",3
"개각 마친 文대통령, 한반도 평화프로세스 고삐 다시 죈다",3
"美언론 ""北, 가까운 시일 내 미사일 또는 로켓발사 준비 가능성""(종…",3
"외교부 ""에티오피아 사고 여객기에 한국인 탑승여부 확인중""",3
"한국당, ‘의석 수 감축’ 카드… 패스트트랙 압박에 반격",3
"[밀착마크]""죽어봐야 저승 맛 알겠냐"" 文 저격수, 黃 저격수 되나",3
"이언주 “대통령의 자리, 그렇게 힘든 줄 모르고 올라갔습니까” [황…",3
"文대통령, 브루나이 향해 출발…6박7일 동남아 순방 시작(종합)",3
"[단독] WTO, 내달 11일 후쿠시마 수산물 韓 수입 결론",3
말레이 北대사관 '낙서테러'…김한솔 보호단체 소행(종합),3
선거법 '패스트트랙 열차' 출발..의원정수 300석 유지로 합의,3
"北, 보란듯 미사일 발사 준비… ‘벼랑 끝 전술’로 美 압박",3
'미세먼지 악재' 대통령 지지도↓...한국당 지지율 30% 돌파,3
"靑 ""나경원 원내대표 발언 강력 유감…사과해야""(상보)",3
"北최고지도자, 정권 수립 후 처음으로 대의원 불포함…배경 주목",3
나경원 “文 대통령은 김정은 대변인”… 정국 급랭,3
"""국가원수 모독죄"" vs ""오만과 독선""…나경원 연설 후폭풍(종합)",3
'나경원 발언'에 정국 급랭…3월 국회 '빨간불'(종합),3
민주 “국민 모독”…나경원 “좌파 독재 스스로 고백”,3
"나경원 국회 연설에… 靑·與 ""국가원수 모독죄""",3
"장병들 ""너무 비싸요"" 불만…상인들 ""장사 힘들어요"" 한숨",3
"국회, 미세먼지 대책법 처리…사회재난 규정·LPG차 누구나 구매",3
멈춰버린 ‘국회의 시간’…민주ㆍ한국 모두 “우리가 당했다”,3
"권익위원장 ""버닝썬 공익신고에 경찰유착·부실수사 내용 있어""",3
"나경원 연설 후폭풍…민주당-한국당, 윤리위 맞제소",3
"이낙연 총리 “경찰, 연예인 성범죄 유착의혹 수사로 응답해야”",3
"文대통령 ""한반도 비핵화·평화 이뤄지면 한-말레이 경협 폭 넓어질…",3
"정부, 文대통령 탄 벤츠 사진은 빼달라 했지만… 안보리는 거부",3
"승리 입영연기 가능할까…병무청장 ""신중히 검토해 결정""",3
"文대통령, 캄보디아 정상회담 도중 '최선희 발언' 보고받아(상보)",3
"최선희 北외무성 부상 ""미국과 비핵화 협상 중단 고려""(종합)",3
"靑, 北 '협상 중단 고려'에 ""어떤 상황서도 북미 협상 재개 노력""(…",3
"文대통령, 캄보디아서 '최선희 발언' 보고받아…안보실도 보고(종합…",3
"앙코르와트 방문 文대통령 ""이렇게 큰 왕국이 갑자기 쇠락했나""(종…",3
"""신중한 판단을""vs""이렇게 될 줄 몰랐나""…北 최선희 발언 공방",3
"손혜원 ""나경원, 당신 같은 정치인이 함부로 입에 올릴 분 아냐""",3
"문 대통령, 뉴질랜드 총기 테러 “깊은 애도와 위로”",3
이런 민정수석을 봤나…논란 정면대응 등 달라도 너무 다른 조국,3
"동남아에서 돌아온 문 대통령, 북핵·민생에 고민 깊어질 듯",3
"반기문, '미세먼지 범사회기구' 수락…""국가에 도움 기뻐""",3
"""北 이슈 약발 다했다""···文지지율 최저, 추경 만지작",3
孫 제안→文 수용→潘 수락…'미세먼지 해결' 협치 시동,3
"최전방 GOP도 첨단 과학화…""24시간 잠들지 않는 경계""[르포]",3
"文대통령 ""버닝썬·김학의·장자연 사건, 성역없이 철저수사하라""",3
"승리, 입영 연기 서류 제출…병무청 ""서류 미비 보완 요구""(종합)",3
"'선거제 합의' 후폭풍...야당 내부 반발에 한국당은 ""결사 저지""",3
"여야 4당 ""권역별 비례 75석 합의""…한국당 ""날치기 저지""",3
거대 양당 '줄고' 소수정당 '약진'…다당제 재편,3
"다음 주부터 일반인도 LPG차 구매…정부, 미세먼지 3법 의결",3
[단독] 유독 '징검다리 휴일'만…빅뱅 탑의 수상한 '병가',3
"文대통령 ""제조업 활력 살리는 것이 우리 경제 살리는 길""",3
‘천궁 비정상 발사’ 정비실수? 시스템 결함?…면밀한 조사 필요,3
"[취재파일] 31년 만의 선거제 개편…비례대표 확 늘고, 배분 방식 …",3
"병무청, '성접대의혹' 승리 현역입대 연기결정…일단 3개월(종합)",3
"바른미래, 4시간 넘게 의총…""공수처案 관철돼야 패스트트랙""(종합)",3
"윤소하 ""철저한 자기모순"" 나경원 비판하자 한국당 단체 퇴장",3
"""미세먼지 이동경로 밝힌다""…연구항공기 이달부터 운항",3
"바른미래, '패스트트랙' 의총 격돌…유승민 등 중도퇴장",3
"文대통령 ""은행대출 혁신…부동산담보 아닌 아이디어·기술평가""",3
'초유의 인재' 포항 지진 후폭풍…정치권은 네 탓 공방,3
"이총리 ""최저임금 인상에 명암…뼈아프고 대단히 죄송""(종합)",3
"'나사풀린 공군'…발당 15억 천궁 오발, 정비실수로 드러나",3
[단독] 유시춘 EBS 이사장 임명 전 장남 대마초 밀수로 구속,3
"北,개성연락사무소 일방 통보 후 철수…정부 ""유감""(상보)",3
"文대통령, 서해수호의 날 메시지 ""그 어떤 도발도 용서 불가""",3
"北, 개성연락사무소 철수…190일만에 닫힌 남북 접촉창구(종합)",3
"文대통령 ""대구, 로봇산업 통해 제조업 중심지로 부활""",3
'초유의 인재' 포항 지진 후폭풍…정치권은 네 탓 공방,3
"트럼프, 대북 추가제재 전격 철회…톱다운 통한 교착 돌파 모색",3
거품 꺼지는 러시아 무기…수출 경쟁서 한국 업체에 패배,3
5·18 사실 속속 드러나는데…첫 발도 못 뗀 '진상규명위',3
나흘간 대정부질문 '김빠진 사이다'…'사이다 총리'만 부각,3
불편심기 드러낸 北에 수위조절로 답한 美…대화재개 계기 될까,3
"'文 경호원 기관총' 논란…""섬뜩"" vs ""MB·朴 때도 마찬가지""(종합…",3
"靑경호원 '기관총'에 하태경 ""섬뜩""…靑 ""교과서적 대응""(종합)",3
"""섬뜩한 경호 수칙 위반""…""이전 정부도 똑같이 했다""",3
"연락사무소 南인력 내일 54명 출경…""남북 협의 완료""(종합)",3
"靑 ""주택시장 경기부양 수단 사용않겠다…하향안정 기조 유지""",3
"""섬뜩한 경호 수칙 위반""…""이전 정부도 똑같이 했다""",3
"최정호, 아파트 ‘꼼수 증여’ 시인… 사과·해명 놓고 여야 공방",3
"창원성산 진보단일후보, 정의당 여영국으로 결정(종합)",3
"文 ""특권층 불법·외압·은폐 의혹 국민분노 높아…공수처 시급""",3
"""김학의 게이트""vs""모든 의혹 특검""…민주-한국 충돌(종합)",3
"최정호 부동산 투기 공방…""文정책 정반대"" vs ""다주택자 죄 아냐""(…",3
"김연철 ""역사적 기회살려 북핵 실질 진전…창의적 해법모색""",3
“천안함 침몰 때 ‘괴물체 영상 삭제’ 혐의 속초함 함장 긴급체포 시…,3
"김연철 청문회…與 ""남북관계 최고전문가"" vs 野 ""북한 대변인""",3
"김연철 ""반성"" ""송구"" ""사과""…웃음기 지우고 낮게 낮게(종합)",3
"박영선 ""내년 경제 심각하면 최저임금 동결 가까운 수준도 가능""(종…",3
"박영선·황교안, '김학의 별장 영상' CD 놓고 진실공방",3
시작부터 고성 박영선 청문회…진영·조동호는 '검증' 착착,3
"박영선 인사청문회 '자료미제출 논란'…""깜깜이""vs""망신주기""",3
"'40차례 청문회 경험' 박영선, 첫 검증 공수 전환",3
"""세월호 CCTV 조작 가능성…누군가 상황 알고 싶었을 수도""",3
"박영선 '김학의 CD' 폭로에 공방 격화…""오리발"" vs ""고발""",3
문성혁 위장전입 3차례…‘인사 기준’ 무너뜨린 청와대,3
"文대통령 ""한반도 평화경제, 세계서 가장 매력적인 시장 될것""",3
“인간이 동물과 다른 점은” 맞받아친 박영선… 野 “안하무인”,3
'고가건물 매입 논란' 김의겸 청와대 대변인 전격 사퇴(종합),3
"김의겸 靑대변인 사퇴에 민주 ""자성 계기"" 한국 ""문대통령 사과""",3
"김의겸, 논란 하루 만에 자진사퇴…여권 부담 고려한 신속 결정",3
위용 드러낸 스텔스 전폭기 F-35A…청주공항 도착,3
김의겸 결국 사퇴…장관 후보자들 불똥 튈까 靑 노심초사,3
공군 창설 당시 전투기 '0'…70년 만에 최강 스텔스기 보유,3
“‘文은 김정은 수석대변인’ 논란은 나경원의 잘못”,3
한국 첫 스텔스기 F-35A···F-35B·F-35C와 뭐가 다를까,3
김의겸 사퇴…‘부동산 투기 의혹’ 장관 후보도 살얼음,3
김의겸 이어 '장관임명' 난제 직면한 靑…文대통령 '결심' 주목,3
"조동호·최정호 결국 낙마…靑 ""국민 눈높이 안맞아""(종합)",3
"여야, '황교안 축구장 유세' 규탄…黃 ""규정 준수할 것""",3
文정부 들어 첫 장관후보 지명철회…국정부담 우려에 강수,3
"文 정부 첫 지명철회, 자진사퇴까지…'인사라인 책임론' 공방",3
靑 인사검증 미흡 논란에 문책론 동반 속 7대 원칙 또 손보나,3
"""황교안 유세, 축구장 밖인 줄""…처벌 규정 없어 행정조치",4
"경남선관위 ""황교안 경기장 유세, 위법 소지…행정조치할 것""(종합)",4
‘朴정부 혁신 1호’ 지정 3년반… 남은건 공무원 명함 200장-빚 5억,4
"靑 ""조국·조현옥 경질, 검토된 바 없어…많은 의견 듣고 판단""",4
"[청계천 옆 사진관]靑, ‘김정은 거북선’·‘백악관 방문 기념패’ 등 …",4
“정권 바뀌어도 그대로” 대통령 앞에서 운 청년,4
"'황교안 축구장 유세' 규정 위반으로 경남FC, 제재금 2000만원",4
"경찰청장 '외압' 사실상 시인…""휘둘리진 않았다""",4
"선관위, ‘축구장 선거유세’에 행정조치…한국당 “지극히 부당”",4
"문 대통령, 박영선 등 청문보고서 재요청…野 “선전포고”",4
‘1:1’이냐 ‘0:2’냐…선거 결과 따른 정국 향방은?,4
"4?3보선 투표율 오후 7시 통영?고성 49.1%, 창원성산 4…",4
"4·3 보궐선거, 투표율 51.2%로 마감",4
4·3 국회의원 보선 투표율 51.2%…투표 열기 뜨거웠다(종합),4
군 휴대전화 사용 첫날부터 ‘군스타그램’…안보는 이상무?,4
[4·3보선]창원 성산 여영국 막판 대역전…통영·고성 정점식 압승,4
[4·3보선]1대1 무승부 성적표…여야 강경 대치 장기화 전망,4
[4·3보선]민심 경고등 확인한 文…국정 운영 부담 더 커질 듯,4
"한국당 ""삼성 저격수 박영선, 남편은 삼성전자서 수백억대 사건 수…",4
'심각→미소→눈물'…시간대별로 본 정의당·한국당 표정,4
‘강원 산불’ 불똥 맞은 나경원···“심각성 몰랐다” 해명도 논란,4
文대통령 지지율 41%…'유입 지지층' 다 떠났다,4
"""깨끗이 갈라서자""…손학규 거취 놓고 쪼개진 바른미래당",4
"나경원, 강원 산불 비상인데 靑안보실장 붙잡아 논란…해명도 역풍(…",4
"안보실장 붙잡은 나경원... 박지원 ""그래서 국회 욕 먹는 것""",4
"초비상인데 15시간 만에 나타난 시장님…""부인과 여행""",4
"나경원 “조국, 국정 망치지 말고 차라리 여의도 와서 정치하라”",4
"손혜원 ""니들 아버지는 뭐했나""···카이스트 교수 ""시정잡배""",4
"“이게 정상이지, 정부 역대급 재난 대응” 칭찬이 자자",4
"유시민, 4·3 보선 보니 ""PK 구도 그대로…내년 총선도 격전지""",4
"北전투기 5분내 격추···공군 조종사 ""화장실 간다"" 매번 보고",4
강원산불에 나경원 '억지' - 민경욱 '색깔론' - 김문수의 '산불정부…,4
산불에도 안보실장 붙잡은 책임론에 나경원 “정쟁으로 몰아 안타까…,4
"나경원 ""김의겸, 불법관사 사용·불법대출 법적 책임 묻겠다""",4
"[비하인드 뉴스] 속초시장 비판 나선 한국당, 사흘 전엔…",4
"“경호처장, 직원 가사도우미시켜” 조선일보 보도 논란",4
"""역대급 인사 불통""이라는 文···MB·朴과 비교하니",4
‘구겨진 태극기’ 세운 외교부 담당과장 보직해임,4
국회 찾은 윤지오 “뉴시스 기자 안 왔나요?” 물은 이유,4
"뉴시스 '윤지오 기사' 결국 삭제... ""법적 대응"" 언급 후 사라져",4
"靑 “가사도우미 조선일보 사실무근” 경호처, 법적검토",4
소방관 국가직화 추진에 한국당 “국가직 아니면 불 못 끄냐”,4
"이언주 ""조양호, 사실상 文정권·좌파 운동권이 죽인 것""",4
"산불에 주민 대피하는데 '오늘밤 김제동'? … 문 대통령 ""KBS, 국…",4
“어차피 임명할 거 왜 하나”…시작도 못한 문형배 인사청문회,4
"본인 명의 주식거래 1300회인데···이미선 ""남편이 다 해 난 모른…",4
'인권법연구회' 판사 부부의 기막힌 주식 투자,4
“어차피 임명할 걸 왜 하나”… ‘靑 성토장’ 된 문형배 청문회,4
"이언주 ""朴의 7시간 궁금했듯이 文의 5시간도 궁금, 10분 단위로 밝…",4
"""하 왜 이렇게 주식이 많아""... 여당도 한숨 쉰 이미선 재산",4
가격 폭등… 조종사 저산소증… F-35 개발 단계부터 잡음 컸다,4
“주식 남편이 다 했다” 이미선 후보자 해명에 이목 쏠린 오충진 변…,4
"""남편 재산 많은건 문제 안돼""···靑, 이미선도 임명 강행하나",4
"""판사는 부업?""…35억대 주식 보유 논란",4
文 맞이한 美의장대 '빛바랜 태극기'···朴·MB 때와 비교하니,4
"美 초등생 만난 김정숙 여사, 영어로 ""두 유 노우 BTS?""",4
한국당 “나경원 의원실 점거 대학생들 뒤에 누가?” 의문제기,4
"'나경원 의원실 점거' 대학생들, ""與의원 세미나 간다"" 허위신고",4
"대학생들 나경원실 점거…""저급한 발상"" vs ""사이다 외침""",4
"북 넘버2 최용해 국가 수반에···북, 김정은 빼고 다 바꿨다",4
주식 다 팔고 잔고 공개했지만…'이미선 보고서' 채택 무산,4
"이 총리 만난 강원 농민 ""고마움이 증오와 원망으로 변하는 일 없길…",4
"김정은 ""오지랖 넓은 촉진자 아닌 당사자 돼야""…文 공개 압박(종합…",4
"김정은, 문재인 대통령 향해 “오지랖 넓은 중재자 행세 말라”",4
"[국회 말말말]“하, 근데 왜 이렇게 주식이 많아”",4
"이미선 남편 ""35억 아파트였다면 이렇게 욕 먹었을까""...'맞짱 토론…",4
北 '오지랖' 강공에도 文 남북정상회담 통해 돌파구 마련,4
"주광덕 ""조국은 이미선과 남편 뒤에 숨어 카톡질 멈추고 맞장 토론 …",4
"김정은 ""오지랖 넓은 촉진자 아닌 당사자 돼야""…文 공개 압박(종합…",4
“스타벅스 ‘박근혜키즈’ 안 되고 ‘문재인키즈’ 된다”,4
"김정은 “중재자 오지랖”에 문 대통령, 반박 안한 까닭",4
“강남 35억 아파트면 욕 안 먹었을텐데” 기름 부은 이미선 남편,4
"윤지오 ""머투 홍선근 회장, 경찰수사 중 집에 꽃배달…두려웠다""",4
장병에 존댓말 쓰고 고개 숙여… 이낙연 총리 사진 훈훈,4
"윤지오 '뉴스1' 기자 향해 ""제가 우스우세요?""",4
"""세월호 우려먹기"", ""징하게 해먹네""... 한국당 전현직 막말 논란",4
"차명진 ""징하게 해 처먹는다"" 발언 후폭풍…""소시오패스 전형""(종합…",4
"차명진, 세월호 유족들 향해 “징하게 해 처먹는다” 막말",4
"차명진 ""세월호 유족 징하게 해 먹는다""···논란되자 글 삭제",4
"외교부 사실상 '중국국' 등장 확정…日 소식통 ""아쉽다""",4
"""차명진, 너 아웃"" 동기 단톡방서 꾸짖은 김학노 누구",4
"“차명진, 부인과 냉전상태”…대학동기 단톡방에서도 ‘아웃’",4
"[단독] 靑, 경호처장 의혹 제보자 색출 나섰다",4
황교안 “여성 몸으로 오래 구금” 박근혜 석방 촉구,4
"북한, 미국 치우고 중국·러시아 카드 꺼내나",4
"金 구속땐 ""적폐"" 석방땐 ""현명""… 입맛대로 말하는 여당",4
"이언주 ""제가 바른미래당 창당주도, 이렇게 살아남는건 용납안돼""",4
"김정은, 트럼프 보란 듯 ""마음만 먹으면 못 만들 무기 없다""",4
"황교안, 박근혜 석방 요구한 날… 박근혜, 형집행정지 신청",4
홍준표의 황교안 저격 “잘못된 시류에 영합하는 건 지도자 아니다”,4
간담회 도중 울먹인 나경원 “우리 아이 취준생인데 5번이나 떨어졌…,4
"[단독] ""이미선 찬성 여론 급증""···알고보니 질문 달라졌다",4
세 대통령 통역한 배우 박선영 남편… 외교관 버리고 SK행,4
"""박근혜 꾀병부릴 사람아냐"".. 형 집행정지 놓고 정치권 충돌",4
"사과하며 취임한 이미선…野 ""文, 국회 포기선언""",4
세 대통령 통역한 배우 박선영 남편… 외교관 버리고 SK행,4
"유시민·홍준표 12년 전 '술자리 기싸움', 유튜브 '빅매치'로 이어…",4
"이언주 ""한국당, 총선 전에 갈 것""···하태경 ""잘 가라""",4
김대중 전 대통령 장남 김홍일 전 의원 별세(1보),4
"황교안 '문재인 STOP!' 장외투쟁…당 추산 ""3만 인파 모여""",4
"""이희호 여사, 위중한 상태…세브란스병원 입원해 치료 중""(종합)",4
대통령의 아들…‘DJ 장남’ 김홍일 전 의원의 굴곡진 인생,4
"""이희호 여사 병세 위중···김홍일 별세 소식 안 알리기로""",4
"가이드 ""한국 광주에도 천문대""-文대통령 ""경주""라며 정정",4
"이희호 여사, 세브란스 입원중 ""위독은 아냐...아들 작고 몰라""",4
“문재인 딸 얘기 하지마” 문다혜 언급하려다 학부모에게 혼난 곽상…,4
"황교안을 향한 이해찬의 경고 ""정치 처음 시작하는 분이...""",4
‘김정은 대변인’ ‘구걸’ 발언에 발끈한 이해찬 “정치 그렇게 하는 …,4
"이해찬 “황교안, 또 ‘김정은 대변인’ 발언하면 용납 않겠다”",4
"‘그래서 징징거렸나’ 손혜원, 한국당 희망 이언주 비판",4
"유시민 ""직업으로서의 정치 안해…대선후보순위 내려가 다행""(종합)",4
"탈원전 선언한 文에게 카자흐 ""원전 세우고 싶다"" 제안",4
“문재인 딸 얘기 하지마” 문다혜 언급하려다 학부모에게 혼난 곽상…,4
"유시민 ""내 대선후보 지지율 계속 내려가 사라지길…직업으로 정치 …",4
"탈원전 文대통령 앞에서…카자흐 실권자 ""원전 짓고싶다""",4
"[종합] 문희상에 '뺨 만져진' 임이자 한국당 의원···""성적 수치…",4
"한국당 ""문희상, 여성의원에 신체접촉···고발조치할 것""",4
"문희상 의장 병원행…한국당 의원들 ""사보임 허가 말라"" 충돌(종합)",4
김정은 '하노이 쇼크' 문책…통전부장 김영철 결국 잘렸다,4
"임이자, 문희상 바로 앞서 양팔 벌리고 등까지 만져 '점거농성 동영…",4
"문희상 볼 감싸기, 성추행 적용 가능할까…변호사 의견은",4
"박지원 ""문 정부 경제 비판해야 할 한국당, 문희상 vs 임이자 성추…",4
"한국당에 감금된 채이배, 창문틈 회견 ""창문 뜯어서라도 나가야""(종…",4
'초고속 승진' 고민정 대변인…KBS 아나운서→40세에 발탁,4
"[비하인드 뉴스] ""키 작은"" ""결혼도 포기""…임이자 '의문의 1패'?",4
엉덩이도 드러났다…카메라에 잡힌 김정은 'B급 사진',4
"'화환까지 준비했는데'…김정은, 시찰 취소하고 조기 귀국길",4
"폭주하던 김관영 ""해명·숙고 시간 갖겠다""...패스트트랙 속도조절?…",4
"문 대통령 ‘아픈 손가락’ 고민정, 청 대변인으로 ‘친문 핵심’ 공인",4
나경원 '빠루' 갖고 등장… 빠루는 누가 들었나,4
"""잘 들어"" ""혼나볼래""…지도부, 육탄전 못지 않은 '반말 설전'",4
"'손 흔들며 레드카펫 입장' 나경원 ""빠루로 부숴도 굴복안해""",4
"與 ""징역 5년 각오해라"" 20명 고발… 한국당 ""50년도 살 수 있다""",4
육탄전으로 민주당 막아낸 뒤···눈시울 붉어진 나경원,4
"패스트트랙 불발에 한국당 ""우리가 승리했다""…환호·박수",4
"배현진 “‘이니 하고 싶은 거 다하라’던 청년, 이제 ‘이니 하지마'""",4
“독재타도” 외치는 자유한국당 의원들에 뼈 때린 표창원,4
"배현진 ""'이니' 스탑""… 한선교 ""예쁜 아나운서, 안 이랬는데""",4
"배현진 “이니 스톱”…한선교 “예쁜 아나운서, 文정부가 민주투사 만…",4
"배현진 ""文 정부가 국민 개·돼지로 몰아""…한선교 ""예쁜 아나운서…",4
1시간에 1만명씩… 자유한국당 해산 국민청원 돌파 속도,4
"""자유한국당 해산"" 청와대 국민청원에…""민주당 해산"" 맞불",4
‘자유한국당 해산’ 청와대 청원 맞불… ‘더불어민주당 해산’ 등장,4
"“한국당 해산”, “민주당 해산” 청와대 국민청원 사이트 몸살",4
"최악 마이너스 성장인데...文대통령 ""우리 경제 기초체력 튼튼""",4
민주당과 지지율 차 6%P인데…'한국당 해산' 청원은 왜 8배일까,4
'한국당 해산' 靑청원 132만건 역대 최다...하지만 몇명이 동의했는…,4
‘10분 1만씩’ 자유한국당 국민청원이 자꾸 세우는 기록들,4
자유한국당 해산 청원 120만명...맞불청원은 15만명,4
'한국당 해산' 청원 75만 넘어…하루만에 50만 이상 급증(종합3보),4
이재용 “이 공장 짓는 돈이 인천공항 3배입니다”,5
"청원 의심한 이준석 ""청와대 설명 맞다""…한국당, 계속 '조작설'",5
한국당 ‘100만 청원 조작설’ 근거 살펴보니…“통계 오독”,5
140만인데… “매우 조작 가능성 높다” 나경원의 말(영상),5
"""한국당 해산"" 131만 ""민주당 해산"" 16만···청원 8배 차이 왜",5
"[단독]‘10·26’ 김재규 사진, 출신 부대 다시 건다",5
"與의원 보좌관, 학부모 단톡방서 '한국당 해산' 靑청원 독려",5
"靑회의서 이름 빠졌을 때부터 예고된 문무일의 '반기', 사퇴 결심 …",5
"""머리검은 짐승 거두면 안된다"" 집단린치 당한 조응천·금태섭",5
"[종합]“북한 지령 받는 세력” 한국당, 해산 청원 의혹 제기…청원은…",5
자유한국당 단체 삭발식에 나경원 소환된 이유,5
"광주 간 황교안에 ""니가 왜 오냐""···결국 역무실로 피신했다",5
"광주 간 황교안에 물세례·거센 항의…""한국당 해체하라""(종합)",5
"배현진, ""한선교 성희롱? 제가 기분 안 나쁜데… 성 비위 많아 움찔…",5
물세례 맞고 20분간 갇히고 ‘굴욕’ 황교안…광주시민 “한국당 해체…,5
"北, 1년5개월만에 미사일 쐈다…동해상으로 단거리 수발 도발",5
"황교안 “미사일 아니다?, 다 거짓”…나경원 “굴종적 대북정책 결과”",5
"北, 원산서 단거리 발사체 수발 발사…합참 ""70~200㎞ 비행""(종합)",5
[영상] 김무성 의원 내란죄 처벌 청원 등장한 이유,5
"배현진, ""한선교 성희롱? 제가 기분 안 나쁜데… 성 비위 많아 움찔…",5
"""전쟁 1주일만 버티면 된다""···中과 맞서는 대만 비밀병기",5
"유시민 ""유승민 존경...국가 위해 결단해 줬으면""",5
"쉰 목소리, 웃으며 왔다갔다… 전과 달랐던 황교안 연설",5
"북한, 문재인 정부 2돌 맞춰 발사체 쏜 이유",5
"소방관 자녀 영빈관 초청 文대통령…""대통령 되고 싶은 사람?""(종합…",5
"""문무일, 독재와 싸운 원칙론자"" 이랬던 여권이 부메랑 맞았다",5
文 지지도 상승 50% 근접…한국당도 33.0% '최고치',5
'취임 2주년' 文대통령 지지율 50% 육박…한국당도 33% 최고치,5
"""김정은이 엿먹였다""…트럼프, 볼턴 첫 보고받고 격노",5
뇌물 혐의 무죄 박찬주 전 대장 “지금 군은 군이 아니다”,5
"""대통령 사위도 못 알아봐"" 치매 장모 둔 문대통령의 약속",5
"청와대, 나경원 ‘거짓말’에 “도발로 규정한 적 없다”",5
“X같은 XX” 한선교 욕설…한국당 사무처 “물러나라” 초유의 사태,5
"기무사 후임 안보지원사령관, 초유의 임명 패싱 사태",5
"[종합]심재철, ‘합수부 진술서 공개’ vs 유시민 “비밀조직 지켜”",5
‘당직자에 욕설 논란’에 관심받는 한선교 멱살 사건(영상),5
"한선교는 왜 욕을 했을까…보좌진들 ""터질게 터졌다""",5
"한선교, 자갈치시장 휴일 때문에 당직자에 욕설?...""새삼스러울 것 …",5
"‘당직자에게 욕설 논란’ 한선교, 논란의 막말史",5
45년간 軍이 반대했는데… 연평도 등대 켠다,5
"유승민, 文 공격 ""왜 김일성 손자에겐 관대하고 朴은 모질게 대하는…",5
"""손혜원부친, 공작선 타고 월북해 밀명받아""",5
"[속보] 문 대통령 ""한미 양국이 함께 단거리 미사일로 추정""",5
"北, 닷새 만에 평북 신오리서 동쪽으로 불상 발사체 발사(종합)",5
"[속보] 문 대통령 “오늘 北 발사체, 한·미 함께 단거리 미사일 추…",5
"“문재인 억지미소, 영혼 털렸다” 송현정 기자 인정한 전여옥",5
"""말 끊고 인상 쓰고"" 대담 논란, 시청료거부 주장도",5
文에 '독재자' 질문한 송현정···靑 국민청원 항의도 등장,5
인상 쓰고 질문한 송현정 기자에 文대통령 ‘난감’ 표정,5
윤곽 드러낸 '이인영 체제'…오른팔엔 고려대 운동권 선배,5
"""웬 한국인?"" 佛 구출 우리국민, 실종 신고도 없었다",5
"마이크 켜진줄 모르고…이인영·김수현 ""관료들 말 안 들어""",5
"마이크 켜진 줄 모르고…이인영·김수현, 관료 ‘복지부동’ 비판",5
"마이크 켜진줄 모르고…이인영 ""공무원들 엉뚱한짓 해""",5
아프리카에 우리 국민 28일 억류된 동안 정부는 몰랐다,5
“‘문빠’‘달창’ 뜻·유래 몰랐다” 3시간 30분 만에 사과한 나경원,5
나경원 ‘달창’ 발언 사과…뜻 뭐기에 정치권 난리?,5
"나경원, 문 대통령 지지자 비하 표현 사용 논란",5
"나경원, '문빠·달창' 발언 사과…""정확한 의미 몰랐다""",5
"남측 생색내지 말라는 北…""쌀은 기본, 개성공단 열라는 뜻""",5
"[종합] 문빠·달창 무슨 뜻? … 나경원 ""정확한 유래 몰랐다"" 사과…",5
"피랍 한국인 한달간 움막 생활…정부, '철수 권고'로 경보 상향",5
"유시민 ""황교안, 얻어맞으러 광주 와…보면 즉시 등돌리자""",5
문재인 대통령·민주당 지지율 주춤하는 사이 최고치 찍은 한국당,5
"홍준표 “나경원 ‘달창’ 발언, 보수 품위 심각히 훼손” 비판",5
"文 ""경제 성공으로 가고 있다""···부정적 통계엔 ""온도차"" 일축",5
부처님오신날 사찰 가서 합장도 반배도 안한 황교안,5
"한국 놓고 ""우릴 안 좋아하는 나라”→“훌륭한 파트너”…트럼프 관심…",5
"유시민 ""文 대통령 대담한 KBS 기자, '독재자' 질문서 삐끗""",5
文대통령 “北 식량난 직접 듣겠다” 비슬리 “일일 배급량 심각”,5
"“그릇의 차이, 한국 멋진 대통령 부럽다” 일본 감탄",5
"박지원 ""文대통령에 경제 엉터리 보고…靑참모가 원수짓""",5
[비하인드 뉴스] '불교의식' 손사래까지…황교안 '신앙'의 깊이?,5
"민주 ""'혐오발언' 나경원 즉각사퇴""…한국 ""도넘은 야당 죽이기""",5
유시민 “한국당이 독재에 집착하는 이유? 문 정부 흠 잡을 데가 없…,5
민주 43.3%·한국 30.2%…지지율 격차 1.6%p→13.1%p[리얼미터],5
[신동아 발굴 특종]30살 어린 행정관 앞에서 펑펑 울어버린 朴,5
"[단독] ""한미연합사, 평택 옮긴다"" 말바꾼 美, 전작권 꼬이나",5
"오신환 ""패스트트랙 부정할 수 없다"" 일침",5
"북한 童詩에 ""미국땅 불바다로, 靑 삽살개도 불고기될 것""",5
‘문 대통령 한센병’ 논란 직후 김현아 의원이 페북에 쓴 글,5
'밥 잘 사주는 누나'에 러브콜…이인영 입엔 나경원 비판 없다,5
이해찬 한마디 후… 민주·한국 지지율 차 1.6%p → 13.1%p 널뛰기,5
"김현아 ""한센병 부적절한 비유…환자와 가족에게 사과""",5
"손학규 면전서···권은희는 소리지르고 오신환은 ""사퇴하라""",5
물세례 받고 쪽문 탈출 黃…정말 얻어맞으러 광주 갔을까,5
"울먹인 文 ""광주 피 흘리고 죽어갈 때 함께 못해 미안""",5
누가 당선인인지 헷갈리는 박근혜 전 대통령 취임사 회의 녹취파일,5
"""독재자 후예 아니라면…"" 文대통령, '5·18 망언' 작심비판(종합)",5
"유시민, 정계복귀 요청에 ""원래 자기 머리는 못 깎는다""",5
"[비하인드 뉴스] 박근혜 의견 내면…""과일 드실래요?"" 최순실식 화…",5
"민경욱 ""김정은 악수한 영부인, 황교안은 패싱""… 靑 ""시간 없었다""",5
한국서 배운 전차 수출한 터키…방산 '형제의 난',5
"민경욱 ""김정숙 여사, 황대표 악수 생략""…靑 ""시간여유 없었다""",5
직접 그린 '노무현 전 대통령 초상화' 들고 봉하 찾는 부시,5
문 대통령 지지도 49.4% 또 올라…한국당 상승세 꺾여 왜,5
"""김정숙 여사 '黃 패싱', 유시민 지령"" 민경욱에 이해식 ""가래침 감…",5
말 바꾸는 유시민… 정치쪽으로 ‘클릭’,5
"트럼프 ""김정은 핵시설 2곳만 언급해 5곳 다 폐기하라 요구""",5
"[단독]심재철, 5·18 보상금 받으려 신청서 2번 제출 드러나",5
"靑 ""왜 이 시점에 누가 이런 걸 언론에 유출했는지 궁금해""",5
"김정숙 여사 '악수 패싱' 뜨거운 논란, 현장 영상 직접 보니",5
"""쌓인 감정 터놓았다""…'호프회동'으로 국회 정상화 첫발",5
"황교안 ""진짜 독재자는 김정은…내가 왜 독재자의 후예인가""(종합)",5
"황교안 ""독재자의 후예는 김정은…문재인은 대변인 짓""",5
"유시민 모친 빈소에 정관계 행렬…""마음으로만 받겠다""(종합)",5
"황교안 ""내가 왜 독재자의 후예인가?"" 文 대통령 정면 비판…靑 ""하…",5
"[단독] ""냉면이 목구멍 넘어가냐"" 독설 날리던 이선권 교체설",5
"충북대 학장, 대통령 앞 ""천억만 해주면 매출 1조"" 장담 왜?",5
이석채 KT 회장이 김성태 딸 정규직 지시하게 된 결정적 장면,5
"유시민, 모친상에 조의금 받지 않은 이유",5
부시 팔짱 낀 소녀의 정체… 노무현 자전거 뒤에 탔던 손녀,5
강효상 사태에 난감해진 靑,5
노무현 대통령 서거 10주기에 안 가는 당 대표 1인,5
"오늘 노무현 10주기 여야 대거 봉하로…부시 참석, 황교안 불참",5
부시 팔짱 낀 소녀의 정체… 노무현 자전거 뒤에 탔던 손녀,5
[속보] 해군 청해부대 입항 환영행사서 사고…군인 5명 사상,5
청해부대 환영 행사장 날벼락…전역 한 달 앞둔 병장 숨져(종합2보),5
"바른정당계에 경고 날린 손학규, 고개숙인 하태경",5
"盧 자전거 탄 5살, 부시 팔짱낀 15살로···소녀는 웃고 있었다",5
마약에 빠진 북한… “동네마다 얼음 파는 집”,5
이란 전투기 추락 침묵 뒤엔···美무기로 美와 싸우는 역설,5
청해부대 순직 하사 조문 잇따라…문 대통령도 조화 보내(종합),5
"부시와 팔짱 낀 소녀, 알고보니 노무현 전 대통령 손녀",5
행정 경험 없는 최순실에 국정 맡겨…결국 농단 사태까지,5
"조진래 사망에 장제원 ""김성태도 살아도 산 것 같지 않은 고통의 시…",5
"여권, 정의당 심상정까지 대선주자 생각하나",5
태국 항구 정박 한국 컨테이너선에서 폭발…주변 위험지대 선포(종…,5
"황교안 ""시민들 살려 달라 절규…왜 대통령은 국민 보지 않나""",5
"김성태 ""얼마나 더 죽어나가야 이 망나니 칼춤 멈추나""",5
"문 대통령 왜 지지하나 묻자···1위가 ""모름·응답거절""",5
"조진래 사망에 황교안, '그 이름' 나열...""정말 이래도 되는 것인가…",5
"""北, 장성택 끌고나간 건 쇼…처형 몇 달 전 이미 감금""",5
[단독]北 “쌀보다 현금” 금강산-개성공단 대금 쌀로 2배 지급 거부,5
"[비하인드 뉴스] '설국열차' 띄운 다음 날…박근혜 또 ""청동기""",5
[단독] 워마드에 또 순직 하사 비하글 “알아서 조심했어야지”,5
"나경원에 화난 영화인들 ""파티에 상복 입고 와서 곡하나""",5
"[단독]하노이 최선희 뒤통수 친건, 비건 기습 질문 '트리튬'",5
총선 1년도 안남았는데… 국정원장-與실세 만남 정치권 파장,5
"과연 양정철 '낮엔 국회의장, 밤에 국정원장'...총선판 좌우할 위력…",5
"""내년 최저임금 동결""…여당서 군불때고, 장관도 지원사격",5
서훈·양정철 회동에 동석한 김현경 기자가 밝힌 ‘그날의 만남’,5
문 대통령의 '예상 밖' 고강도 비판…배경은?,5
"나경원, 黨산불대책회의 공무원 불참에 '격앙'…""靑·與가 지시""",5
"文 대선 후보 시절부터 ""여성 공직자·장관 비율 30%""…집권 3년차…",5
"헝가리 유람선 침몰…한국인 33명 중 7명 사망, 7명 구조(상보)",5
"우승컵 발로 밟은 U-18 韓축구···中 ""수모당했다"" 격분",5
"한국인 33명 탑승 부다페스트 유람선 침몰… ""7명 사망, 19명 실종""",5
"외교부 ""침몰한 헝가리 유람선에 한국인 다수 탑승""",5
"늑장대응 지적에… 靑 ""총력 대응"" 세차례 브리핑",5
"""김영철은 노역刑, 김혁철은 총살""",5
"""하노이 실무협상 김성혜, 통역 신혜영 둘 다 정치범 수용소행""",5
"""문재인보다 김정은 낫다"" 정용기 발언 파문···여당 ""제명하라""",5
[단독] 헝가리 참사에 대통령도 오찬 취소했는데 술판 벌인 軍,5
"헝가리 유람선 사망자 신원 확인 늦어지자, 경찰청 지문 감식반 급…",5
북한 김혁철와 김성혜 숙청·김영철 강제 노역설에 대한 한·미 반…,6
"""김정은, 문재인보다 낫다"" 정용기 발언에 황교안마저…",6
"‘고난의 행군’ 상징, 강계 찾은 김정은 “정말 틀려먹었다”",6
하노이 북미정상회담 '노딜' 희생양? 김혁철은 누구…,6
"김정은, 낡은 체육관 보고 버럭… ""간부들 자세 틀려먹었다""",6
가장 위험한 곳에 투입···온도계 들고 싸우는 美특수부대,6
"'골든타임 3분' 민경욱 글 비판 쇄도…""잔인하고 저급""",6
"""女화장실 변기까지 챙기나"" 여당 법안에 부글대는 男心",6
김여정 대신 현송월과 동행…22일 만에 나타난 김정은,6
"이국종 교수, 이언주 의원과 국회 찾아… “정치입문 타이밍 재는 듯…",6
"유시민 ""재미있었다"" 홍준표 ""분노 증오 그만…"" 3시간 불꽃논쟁",6
유시민·홍준표 '토론배틀' 녹화장 들어서며 남긴 말(상보),6
숙청 당했다던 北김영철 건재…김정은과 나란히 공연관람,6
"민경욱 진화 중 한선교 ""걸레질"" 기름 부어...황교안 '경고' 무색",6
"민경욱, ""골든타임 기껏해야 3분"" 막말 인정 못하는 이유",6
"홍준표 ""깐죽 없어졌다"", 유시민 ""盧 대통령 괴롭혀서…""",6
"유시민 ""정치 절대 안해""…홍준표 ""절대는 스님 담뱃대""(종합)",6
또 ‘막말 흉기’ 휘두른 차명진 “세월호는 좌파의 예리한 무기”,6
나경원 부를땐 차관도 안가더니···이해찬 부르자 조까지 짠 장관…,6
유시민 “정치 절대 안해”…홍준표 “100% 돌아와”,6
"김제동 1천550만원 강연료에 대전 정치권 ""비상식적인 고액""",6
"청와대 ""6·25 북 사과해야"" 유족발언 브리핑서 뺀 이유",6
김제동 강연료 논란…“90분에 1550만원? 섭외 철회하라” 한국당 발…,6
"""문재인 하야 운동 벌이자""…한기총 회장 발언 파문",6
"황교안 ""막말 용납 못해""...김문수 ""야당 대표가 입 틀어막나""",6
"한달 5600만원, 2시간 1550만원…김제동, ‘거액 급여’로 거듭 논란",6
"""불평등에 저항하라던 김제동···'90분 1550만원'은 평등?""",6
"""김제동 강연료 1550만원, '블랙리스트' 피해자에서 최대 수혜자로""",6
"전문가 ""김원봉 언급, 가장 이상한 추념사...또다른 역사뒤집기""",6
"文대통령, 현충일 추념사서 '北 6·25 서훈자' 김원봉을 '국군 창설…",6
천안함·연평해전 유족 불러놓고… 김정은 사진 나눠준 靑,6
"강사들 ""연봉 1600만원인데···"" 1550만원 김제동 논란 한숨",6
"김원봉 앞세운 文, 이념·정파 극복 취지… 보수야당 강력 반발",6
"[단독]황교안 만나는 이문열 ""한국당에 죽어야 할 이 너무 많이 살…",6
"""문재인은 빨갱이"" 차명진 또 막말... ""국민도 빨갱이인가""",6
"""김정남은 CIA 정보원이었다···김정은, 배반행위로 간주""",6
"[단독]김원봉, 6·25때 北장관 맡아 군수 지원… '南 점령지 통제' …",6
고액 출연·고액 강연…왜 김제동만 시비거나,6
"이문열 ""난 보수꼴통. 9년 보수정치 아쉬워""..홍준표 ""우파 좀비정…",6
"황교안 '문화융성' 이야기하자 이문열 ""블랙리스트는 잘못""(종합)",6
"이희호 여사 위중…""가족들 세브란스병원 대기""",6
이희호 여사 위중,6
"홍준표 ""문 대통령 북유럽 3국 순방 여름휴가는 아니길…꼭 가야겠…",6
"[비하인드 뉴스] ""하야 위해 생명건다"" 전광훈, 실은 하루 단식?",6
"민경욱 ""文, 천렵질에 정신팔려""...與 ""閔, 막말 수도꼭지 바꿔라""",6
"이희호 여사 위중, 장례 준비… 정치권 인사 문병 줄이어",6
문 대통령 “좋은 말 골라 사용하는 것이 민주주의 미덕”,6
"‘진박 감별사’ 한국당 홍문종, 애국당으로 입당 시사",6
2030 남성들까지 대통령 김원봉 발언 비판,6
"'천렵질' 실검에 올린 민경욱, ""막말 수도꼭지"" 비난에 ""더 가열차…",6
이희호 여사 별세...영원한 동지 DJ 곁으로,6
한국 단골 많은 '몸캠'…500만원에 팔린 탈북 성노예였다,6
"靑정무수석 '한국당 해산 청원'에 ""국민의 준엄한 평가 내려졌다""..…",6
"DJ아내 이전에 여성운동가 이희호···첫 캠페인 ""혼인신고 합시…",6
"[전문] 문재인 대통령, 이희호 여사 서거 애도 성명",6
머리끄덩이 잡아당겨···전광훈 목사 '文 하야' 회견장 난장판,6
"이렇게 닮을 수가… 4년전 朴 ""국민이 심판""·지금 靑 ""국민이 평가…",6
"전두환 부인 이순자 여사, 이희호 여사 조문 후 말없이 떠나",6
"北 김정은, 이희호 여사 서거에 조전…김여정이 판문점서 전달(종합…",6
조문단 대신 조전 택한 北···'잘못된 시그널' 우려한 듯,6
[단독] '일자리자금 영업사원' 비극···대상자 아닌데 퍼준 돈 55…,6
"美 ""靑의 화웨이 발언, 동의 안한다""",6
"조화 들고 온 김여정, 맞이한 정의용…‘친서외교’ 맞물려 국면전환 …",6
"윤지오 후원금 논란···""방패막이 되겠다""던 의원들 어디 갔나",6
"다뉴브강 하류서 수습한 시신, 60대 한국인 남성으로 확인",6
"안민석 ""성직자 요청에 윤지오 도와…비겁한 정치인 되기 싫다""",6
'U-20 병역특례' 국민청원 찬성 급증…예술·체육특례제 또 부각,6
"靑 ""대통령 축구응원 폴란드 간다? 전혀 사실무근""",6
"'윤지오 방패막' 자처 의원들… 두달만에 ""안민석 의원이 하자고 한…",6
故이희호 여사 사회장 엄수…시민 2천여명 배웅속 DJ곁에 잠들다,6
김정숙 여사 “한국남자들도 용감하게 육아휴직 했으면...”,6
北어선 삼척 앞까지 150여㎞ 표류하는 동안 군경은 식별 못 했나,6
삼척항 코앞에서 발견된 北어선…軍 해안경비 뚫렸다,6
"강기정, 나경원에 사과..與-野-靑 신뢰관계 회복할까",6
"친박 홍문종 의원, 한국당 탈당해 대한애국당 간다…김진태 의원은?",6
"[단독] 김제동, 동작구서 1500만원…서울로 번진 ‘고액강연’ 논란",6
"홍문종 ""朴, 자결하려는 날 말리며 '탄핵 주역 기억하라' 말해""",6
"北 김정은 보낸 이희호 여사 애도 조화, 반영구 보존할 듯",6
"""순방 뒤 찾아뵙겠다""던 文, 공항 내리자마자 '동교동' 직행",6
"""이희호 여사님, 바로 뵙겠습니다""…약속지킨 文대통령(종합)",6
어느 엘리트 검사의 돌변···금배지만 달면 전사 된다,6
‘막말논란’ 빚은 한국당 한선교 “건강 문제로 사무총장직 사퇴”,6
임시완 휴가 특혜?…전역병들 이야기 들어보니,6
"""마약도 이런 마약 없다"" 조훈현·제윤경·이상돈 여의도서 짐싸는 …",6
"文대통령, 차기 검찰총장 윤석열 지명…고검장 안거친 파격인사(종…",6
"'예금만 50억' 윤석열 12세 연하 부인, 김건희 대표는 누구",6
"[단독] ""文대통령 사위, 이메일 한 통으로 이스타항공의 태국 현지…",6
윤석열 66억 재산 중 부인 명의 90% 이상…청문회 쟁점 관심↑,6
"86년생 김수민이 겪은 여의도 ""권모술수, 영화는 저리가라""",6
"'연봉 8330만원' 여의도 보좌관…""이정재는 절대 없다""",6
"삼척항까지 내려온 북 어민, 주민에 ""휴대폰 좀 빌려달라""",6
"'막장공천' 파문 기동민 ""우린 장기판 졸이었다""",6
北어선 삼척항 들어와 南주민과 대화까지… 해상판 ‘노크 귀순’,6
"장제원, 손혜원 저격 ""이쯤되면 국민께 유감을 표하는 게 맞지 않나…",6
"시진핑, 北노동신문에 기고…""한반도문제 대화·협상 진전 추동""",6
"“문빠 1호 이 나라 떠났다, 야반도주” 전여옥 맹공",6
"북한 선원 “걸그룹 동경, 처음부터 귀순 의지”… 군당국 거짓말 드…",6
"정경두, 대국민사과…""허위·은폐 철저 조사해 엄정조치""(종합)",6
"황교안 ""현실 얘기한 것""… 논란 커지는 외국인 임금 차별 발언",6
"나경원 “달창, 달빛 창문인 줄 알았다”",6
"황교안 “내 아들, 학점 엉터리·토익 800점에 대기업 합격” 대학특…",6
총선 앞두고… '김해공항 확장' 3년만에 뒤집은 국토부,6
"“문빠 1호 이 나라 떠났다, 야반도주” 전여옥 맹공",6
"윤석열 청문요청서 보니...'부동시'로 병역 면제, 아내 예금만 50억",6
삼성·SK 등 CEO급 10여명 부른 김정숙 여사,6
"“연세대, 학점 3.29, 토익 925. 이 분이 황교안 아들입니다”",6
"[단독]윤석열 후보자 부인, 세금 체납으로 세차례 집 압류",6
"황교안, ‘무스펙’ 아들 논란에 “학점3.29, 토익 925점” 정정",6
"[단독] 윤석열, 수백만원 공제 받았지만…부양가족 올린 양친 '재산…",6
"""황교안 아들 KT 마케팅직 입사 후 1년 만에 법무실로"" ",6
이언주 “김정숙 여사가 CEO들 왜 부르나? 대통령인 줄 착각”,6
"이언주 ""영부인은 대통령 배우자일 뿐, 정신 차려라""...날 선 비판",6
[비하인드 뉴스] 4년마다 소환되는 김연아…한국당의 '침바르기',6
"문 대통령 부부, 일요일 오전 용산 영화관서 '기생충' 관람",6
민노총 위원장 구속에…한줄 논평도 못하고 끙끙 앓는 靑·여권,6
"[단독]황교안 아들, 당락가른 임원 면접 ‘올A’…87 대 1 뚫고 입사",6
나경원 “북 목선 관련 문 대통령 군 형법 위반 혐의… 법률 검토 후…,6
"백선엽 ""軍 간부들 정신 바짝 차려야""",6
"민주당 ""황교안 아들 경력 거짓말"" vs 한국당 ""문준용 특혜채용 의…",6
황교안 “아들의 높은 점수 낮게 말했는데 그게 거짓말인가?”,6
'대한애국당 천막' 철거 후 더 커져…혹 떼려다 붙인 서울시(종합),6
"[속보] 국정원 ""김여정, 지도자급 격상…현송월은 행사담당""",6
‘해상 노크귀순’ 최초 신고자 인터뷰 “112 신고하자… 北서 어떻게 …,6
"47일 걸려 철거한 우리공화당 천막, 금세 재설치…서울시 진땀",6
"[속보] 국정원 “김여정, 지도자급 격상…현송월이 행사담당”",6
"사우디 왕세자, 10조원 보따리 풀었다",6
女당원 바지 내리고 엉덩이춤···한국당 이번엔 저질행사 논란,6
北선원들의 수상한 일주일?생쌀 먹고 기름은 오징어 팔아 조…,6
"與 '민정수석→법무장관' 직행에?MB땐 ""군사정권 때도 없던 …",6
"조국, 학교로 돌아갈 수 있을까..""文·민주당, 대통령 후보로 생각""",6
"[종합]""정말 울고싶다"" 한국당, 女당원 '엉덩이춤' 논란…여야 일제…",6
"'한국 중재자' 대놓고 욕한 北 ""북·미 관계 참견 말고 빠져라""",6
황교안 대표가 ‘여성당원대회 엉덩이춤’ 보고 한 말(ft.장제원),6
"한국당, 여성당원 '엉덩이춤 논란'에 ""울고 싶다""",6
‘한국당 엉덩이춤’ 여야 일제 질타…“수치” “경악” “분노” “천박”,6
"한국당, 합의문 구긴지 나흘 만에 국회 등원",6
"文, 폭우 속 지붕없는 트랩···日홀대론에 靑 ""예의 갖추려""",6
"심상정 ""협의 없이 해고통보""…정의당 ""배신의 정치"" 격앙(종합)",6
[단독] 청년수당 받아 게임기·에어컨 구매… 수천억 예산 낭비되나,6
두살배기 딸 안은채···강 건너편 엄마는 비명만 질렀다,6
"文 ""사상 초유 심야회담""···'111분 지각' 푸틴 사과 없었다",6
한국당 '손혜원 맞수' 모셨다···김연아 PT 만든 홍보맨 영입,6
"""환영합니다"" vs ""이 땅 떠나라"" 서울도심 트럼프 방한 찬반집회(종…",6
"푸틴, 정상회담 지각 후 文대통령에 사과 안했다?… 민경욱 ""국격 …",6
트럼프 “DMZ에서 김정은 만나 인사할 것”…문 대통령에게 “함께 …,6
"강효상, 잘못된 예측으로 망신살 뻗친 뒤 ""빗나가서 다행""",6
[비하인드 뉴스] 푸틴 지각에…'약속 지킨' 문 대통령 비난한 한국…,6
[남북미 판문점 회동] '퍼스트 패밀리' 이방카-김여정 한자리에…대…,6
"""매우 훌륭""·""엄청난 팬""…트럼프가 극찬한 김정숙 여사",6
박지원 맞고 강효상 또 틀리고…세기의 만남에 울고 웃은 정치인,6
독이 된 황교안의 ‘가벼운 입’,7
“Fantastic Woman” 틈만 나면 김정숙 여사 특급 칭찬한 트럼프 …,7
강효상 ‘빗나간 예측’ 망신,7
"""민주당, 나경원 살리고 심상정 버렸다"" 정의당 반발에… 與, 공조 …",7
"탁현민 ""준비안된 남북미 만남…인공기·성조기 바닥에 끌려""",7
‘반바지 차림 존재감 제로’ 왕따논란 아베를 찾아라,7
"[팩트체크] ""팔짱 낀 김정숙 여사 외교 결례""? 진실은…",7
"[리얼미터]황교안, 6개월만에 대선주자 선호도 2위로 떨어졌다",7
항암제 6000만원→ 235만원… 3600만명 2조2000억 절감 [문재인케어…,7
"한일관계 악화 책임있는 靑, 막상 日 보복조치 나오자 침묵",7
"갈팡질팡 한국…강경화 ""이제부터 연구"" 산업부 ""기업도 몰랐나""",7
"北美 비핵화 진전 불투명한데… 文대통령, 사실상 종전선언 규정",7
좌초 가능성 높아진 패스트트랙…군소3당 대표 집단 반발,7
"윤석열 청문회, 한국당 ‘머리 복잡’",7
"김정은, 북미 단독회담 직전 文대통령에 '고맙다' 감사 뜻 표해(종…",7
"판문점 회동 나흘 만에 北 ""美 적대행위 필사적"" 비난 왜",7
"홍남기 ""日 보복 철회 않으면 우리도… 그 경우 서로 다이다이, 공…",7
"""6·25, 김일성이 벌인 전쟁인가"" 이 질문에 답변 주저한 정경두",7
"""6·25는 김일성 전쟁범죄냐"" 野의원이 묻자 머뭇거린 정경두 국방",7
"'김정은 대변인' 발언 논란 나경원, 이번엔 ""文정권 신독재""",7
"문 대통령, 아베 ‘통상 공격’ 직접 맞선다",7
"‘일본 불매운동’, 日연예인까지 불똥?…하태경 “참 어리석다”",7
현역 군인이 IS 추종 ‘테러 준비’ 정황,7
"윤석열의 돌직구 답변...""대한민국 주적은 북한"" ""이석기 사건, 대…",7
"'지갑 돌려주기 실험' 40개국 중 꼴찌···中 ""귀신이나 믿을일""",7
경제 보복 등 아베가 직접 결정… “한·일 정상이 담판 지어야” [뉴…,7
"윤석열 ""우병우, 유능하고 책임감 강한 검사""",7
일본 '무시'에 뿔난 아베…'보복' 조치 어디까지 가나,7
"日수출규제 해결나서는 文대통령…靑 ""철저히 국익 관점서 대응""",7
"文 취임뒤 ""여사라 불러달라""…영부인 거부한 '활발한 정숙씨'",7
"박원순, 대선출마 묻자 ""대통령 호칭 바꿔야···너무 권위적""",7
'남한판 황장엽' 최덕신 前장관 차남도 월북...평양 도착,7
최인국 '기획 월북'한 듯···부친 최덕신 전 외무장관은 '남한판 …,7
"30년 전 버린 딸 사망보험금, 친모 먹튀 막을 방법 없다",7
최인국 불법 입북 까맣게 모른 정부,7
"[팩트 체크] 文대통령, G20정상 7개 행사중 4개 불참",7
"황교안 ""의병 일으키자?…반일감정 자극, 국익 도움되겠나""",7
"장관 지명도 안됐는데, 조국 '1200자 해명' 왜?",7
"고민정 ""'文대통령 G20 회의불참' 영상에 거짓 너무많아…황당""",7
"文대통령 ""한국 기업 피해 발생시 우리도 필요한 대응""",7
"[속보] 육군 23사단 병사, 8일 원효대교서 투신 사망… 군 “사실관…",7
'北목선 경계실패' 23사단 초소 근무병 한강 투신해 사망,7
"'北목선 경계실패' 23사단 소초 근무병 투신해 사망…""경위조사""(종…",7
민경욱 “생방송서 한 판 붙자”에 고민정 “정치 격이나 높여라”,7
[속보]北 목선 경계부대 육군 23사단 소속 장병 극단적 선택,7
日극우언론이 '단독 입수' 했다는 조원진 의원실 자료,7
"[속보]문 대통령, 윤석열 청문보고서 재송부 요청…임명 강행 수순",7
"[속보] 문 대통령 “일본, 막다른 길 가지 말고 화답하라”",7
문 대통령 “전례 없는 비상 상황…일본은 막다른 길로 가지 말라”[…,7
"文대통령 ""외교적 해결 최선…日 막다른 길 가지 말고 화답하라""",7
"하태경 ""日, 불화수소 등 전략물자 北에 밀수출 확인""",7
"[단독]文대통령 “광화문 천막철거 막은 현행범에 경찰, 아무 조치도…",7
"김현아 ""총선 나옵니까"" 김현미 ""네, 의원님 다니는 곳으로""",7
"“日, 막다른 길 가지 말라” 단호해진 文의 경고",7
"美, 동맹국에 호르무즈 파병 요청…정부 ""물밑 조율중""",7
"靑 '허찌른 역공'…日에 ""국제기구 통해 진실 가리자"" 승부수",7
"[단독] “러시아, 일 규제 불화수소 한국에 공급 제안”",7
해군2함대 의문의 침입사건…장교가 병사에 '허위자수' 제의(종합),7
"2함대에 남겨진 '오리발', 간첩이 흘린 것? 골프장 직원 것?...커지…",7
"[단독]해군 2함대에 거동수상자 침입…군, 추적중(속보)",7
"전희경 ""밥 넘어가겠나"" 이낙연 ""의원님만 하겠습니까만"" 설전",7
"“조국 버린 유승준, 애국심이 충만해지셨나” 이재명 글 재조명",7
"靑, 日 수출규제 역공은 면밀히 계산된 해볼만한 '승부'",7
“일본 수준 드러낸 증거들” 한국 창고 냉대 사진 파문,7
"""화평법 풀면 실패한 대통령"" 이랬던 김상조 ""규제 풀겠다""",7
"北 수뇌부 애용한 벤츠·렉서스, 알고보니 일본의 불법수출",7
"유승민 “北?中에 부드러운 文, 아베 만나 절반만이라도 해라”",7
"文대통령 ""최저임금 1만원 공약 못 지켜···송구스럽다""[속보]",7
졸면 곤란하다더니…국제행사서 50분간 자다 깨다 한 황교안 대표 (…,7
"유승민 ""日보복 치명적…文대통령 '저자세 외교' 절반만이라도""",7
"文대통령 ""日경제에 더 큰 피해 경고…日의도 결코 성공못할 것""(종…",7
한국당 정미경 “세월호 한척으로 이긴 文이 이순신보다 낫다더라” …,7
"文대통령 ""日경제에 더큰 피해 경고…외교해결 장으로 돌아오라""",7
"'막말' 정미경 ""문 대통령이 싼 배설물... 세월호 한 척 갖고 이긴""…",7
"이스라엘 대통령, 文대통령에 ""미사일 방어 무기 갖춰 국민 보호해…",7
정두언 의원 숨진 채 발견···자택 유서 보고 가족이 신고,7
“日 경제에 더 큰 피해” 文의 경고…'탈일본' 속도 내나,7
'인생 2막' 설계하던 정두언…파란만장한 '20년 정치인생' 마감,7
"청와대, 일본의 ‘제3국 중재위 안’ 거부",7
"정두언 전 의원, 숨진 채 발견…그는 누구?",7
"靑, 조선·중앙일보에 ""진정 국민 목소리인가""…공개 비판(종합)",7
"[속보] 이명박 전 대통령 “정두언 빈소, 못 오게 돼 안타깝다”…빈…",7
"""강제징용 보상은 1965년 청구권 협정에 포함"" 노무현 정부 당시 민…",7
'강경화 교체설' 뒤숭숭한데…김현종 미묘한 외교부 회동,7
'인생 2막' 설계하던 정두언…파란만장한 '20년 정치인생' 마감,7
"""죽창가 발언, 하수 중의 하수···지금은 日에 양보해야 이긴다""",7
"'노무현때 강제징용 결론냈다' 조선일보 ""왜곡보도""",7
문 대통령 “일본 의존 어떻게 줄일지 지혜 모으자”…정당 대표 회…,7
文 대통령 “日수출규제 초당적 합의·추경 시급”…黃 “조속한 한일…,7
"[비하인드 뉴스] ""일본 '구매운동' 동참한다""…일베에게 아베란",7
"KBS '일제 불매운동' 보도에 'NO, 안뽑아요' 한국당 로고 합성...…",7
靑 “화이트국가 배제 땐 한일 군사정보협정 재검토”,7
"황교안, 이승만 추모식서 우리공화당 지지자에게 '물세례'",7
"日 ""韓 무례하다""…靑 ""日이 국제법 위반""",7
"일장기 속에 '한국당' 로고가…""총선 개입"" 반발",7
"유시민, 아베 총리에게 일침 “남의 눈에 눈물나게 하면…”",7
"KBS, 메인뉴스에 한국당 로고 걸고 'NO, 안 뽑아요'",7
"김근식 교수 ""조국, 정부 대일정책 비판하면 친일파로 몰아...비열…",7
"""미국 대신 왜 베네수엘라냐""···박지원과 정동영 19년 갈등",7
유시민 “아베는 '갑질 사장'… 반드시 피눈물로 돌아갈 것“,7
"[단독] 황교안 딸 운영 사이트, 대학 진학 후 왜 문 닫았나",7
"조국 폭풍페북, 日주장 정면반박…""친일파"" 표현은 野 반발",7
"조국, 연일 對日 '항전' 주문…""겁먹고 쫄지말자…싸워 이겨야""",7
[김순덕의 도발]복수를 하려면 아일랜드처럼!,7
"조국, 또 페북에 反日 선전전...""文정부, 서희·이순신 역할?…",7
"조국, 또 극일 메시지···""日에 동조해 韓대법 판결 비방은 무도""",7
"정부, 한미동맹 훈련 명칭서 '동맹' 표현 삭제 검토",7
"文 ""日산업 추월할수 있다""…아베 ""모든 책임은 한국에""",7
日 경제보복 단호한 대응에 文대통령 지지율 8개월만에 최고치,7
"문 대통령 ""日 추월할 수 있다…혁신 창업이 해법""",7
"[속보] 러 국방 ""영공 침범 안했다, 한국이 비전문적 대응"" 주장",7
한국당 ‘친일 프레임’ 전전긍긍,7
"중·러 군용기 5대, 3시간12분간 KADIZ 안방처럼 들락날락",7
긴박했던 7분…러 조기경보기 영공 침범에 軍 360여발 경고사격,7
"트럼프가 되고 싶은 아베? ""韓 그리 만만하지 않다"" [김현주의 일상…",7
조국 이르면 내일 교체…후임 민정수석에 김조원 사실상 내정,7
"러시아 ""기기 오작동, 침범 의도 없었다…깊은 유감표명""(종합)",7
[단독]조국 동료 교수들 “소수의견 낸 법관은 다 친일파인가”,7
"한·중·러 일촉즉발 긴박했던 상황…그 와중에 日은 ""독도 우리땅""",7
"""김정은, 4월 푸틴 만나러 北 비울 때 한미훈련···서운해했다""",7
"‘밀착 내조’ 윤석열 부인 김건희, 靑 임명장 수여식 등장",7
"이총리, 日 공개경고…""상황 악화 땐 예기치 못한 사태 우려""(종합)",7
"이언주, '택배노조' 유니클로 배송 거부에 ""일하기 싫으면 그만둬라…",7
[단독]스님 행세하며 암약…9년만에 ‘직파 간첩’ 잡았다,7
"[속보]자유한국당, KBS에 25억 손배 청구…日불매운동에 로고 노출",7
"文 겨냥 ""평양경고 무시 말라""…美 쏙 빼고 한국만 비난한 北",7
"이언주, 유니클로 배송 거부 ‘택배노조’에…“일하기 싫으면 그만둬…",7
"김정은, 미사일 발사는 남측향한 경고…“최신무기 반입과 군사연습 …",7
"""日, 오히려 재료 못받을까 떤다"" 이해찬도 놀란 韓 강소기업",7
'밀착 내조'...윤석열 부인 김건희는 누구?,7
"""아베 분신같다""vs""신뢰 잃었다""…韓日의원, 美서 수출규제 두고 충…",7
"유시민 ""여러번 말했는데, 나를 못믿나봐""…대선출마 가능성 일축",7
유시민 “나는 황교안 대표에게 그런 말 못한다”,7
황교안 “대통령이 직접 9·19 남북군사합의 폐기 선언하라”,7
"文대통령 직접 겨냥, 비난 쏟아낸 김정은",7
유시민 “나는 황교안 대표에게 그런 말 못한다”,7
"""文 여름휴가 취소됐나? 전혀 몰랐다"" 靑 참모도 되물었다",7
"""北, 文대통령의 답례품 감귤을 '괴뢰가 보낸 전리품'이라 불렀다""",7
"日 화이트국에 北미사일 도발까지···文, 여름휴가 첫 취소",7
"나경원 '동기사랑(?)'…""조국, 권력에서 떠나달라""",7
[취재후] 여름휴가 반납한 문 대통령…“나도 취소해야 하나?”,7
"`휴가 반납` 文대통령, 알고보니 이미 지난 주말 2박3일 제주 다녀…",7
"휴가 취소 文대통령, 지난 주말 1박 2일 제주도 방문",7
"신보라, 호날두 노쇼 언급하며 “우리나라가 요즘 글로벌 호구 된 것…",7
"리얼미터 ""文 대통령 지지율 52.1%...민주당 43.2% 올 최고""",7
추가 경제보복 분위기 조성하는 日…'맞보복' 계획없는 韓 [김현주…,7
"이준석 “윤소하 협박소포 사건, 추미애가 김경수 잡은 상황”",7
"김성태 ""어느 부모가 딸에 파견계약직 권하나"" KT 의혹 반박",7
"""박근혜 칼로 상산고 살렸다"" 이젠 文정권 공격하는 김승환",7
“한국 불매운동 이례적 장기화”… 촉각 곤두세운 日 언론 [日 ‘경제…,7
"고개 숙인 김성태 ""딸 KT 입사과정 불공정한 부분 사죄""…갑자기 …",7
"""일본과 맞서야 총선 유리"" 여당 싱크탱크 민주연 보고서 파문",7
법무장관 되면 또 휴직···조국 '폴리페서' 비판 발언 부메랑,7
[취재후] “‘우리 땅’ 함박도에 북한군 주둔”?…빌미 준 정부,7
"""한국 얕잡아 보다 큰 코 다친 일본"" 장기화 조짐 보이는 불매운동…",7
"체면구긴 韓 방일단, 日 자민당에 '문전박대'…""도저히 미팅못하겠…",8
"[속보] 강경화 장관, 화이트리스트 한국 배제 철회 요구에 “일본, …",8
"면담 연기 6시간만에 아예 취소…日자민당, 방일단 '문전박대'",8
"[속보] 강경화 “일본 화이트리스트 배제 시, 지소미아 재검토 불가…",8
"강창일 ""우리가 거지냐?…구걸외교 하러 온 것 아니다""",8
[속보] 문 대통령 “다시는 일본에 지지 않을 것···승리의 역사 …,8
"文대통령 ""다시는 日에 지지 않아?일본도 큰 피해 감수해야 …",8
"文 ""가해자 일본의 적반하장···다신 지지 않겠다"" 전면전 선포",8
"[한일 경제전쟁] 싱가포르·중국 다자회의 이례적 日비판 ""백색국가…",8
김재원 예결위장 비틀거리며 횡설수설···추경협상 중 음주논란,8
"""일본, 후폭풍 감당하겠나""…기자들이 분석한 '화이트리스트' 배제",8
"조국, 야당 '이해찬 사케' 공세에 ""전국 일식집 다 망하길 원하나""",8
준비한 말 접고 ‘일본 규탄’…한국에 힘 보탠 중국·싱가포르,8
'이해찬 사케 논란'으로 다시 불 붙은 여야 정쟁…진실은,8
"""日 버르장머리 고쳐놓겠다""…더 센 말로 일본 때렸던 YS",8
"윤도한, 文 무례하다는 日에 ""차관급이 정상에 막말···무도하다""",8
"'소녀상' 전시 중단에 다른 한국 작가들 ""내 작품도 빼라""",8
미뤄왔던 독도방어훈련도 실시 검토…日 극렬 반발할 듯,8
강경화 ARF 외교전 성적표…'日경제보복' 문제 알렸다,8
'韓日 경제전쟁' 한창인데 정치권은 '이해찬 사케' 전쟁,8
"文대통령 ""남북경협으로 평화경제 실현해 단숨에 日 따라잡겠다""(종…",8
"文대통령 ""남북경협으로 평화경제 실현해 日 따라잡을 것""",8
"아베, 예고된 악재 줄줄이…경제보복 장기화땐 역풍 가능성",8
美 “중거리 미사일 亞배치 원해”…韓에 요청 땐 ‘제2의 사드’ 우려,8
"文대통령 ""남북경협으로 평화경제 실현되면, 단숨에 日 따라잡을 수…",8
"이재용도 조용필도...2011년 이후 北 다녀온 우리 국민, 비자 없이 …",8
"엄마부대 주옥순 ""아베 수상님 사죄드립니다"" 막말 논란",8
"나경원·유승민, 대통령 극일 발언에 “소가 웃을 일”·“허풍”",8
"北, 또 동해상으로 발사체 쏘며 “맞을 짓 하지 말라” 경고",8
북한 다녀오면 美 무비자 입국 제한…지코·레드벨벳도 안 된다,8
[현장에서]“관광은 한국에서~” 외친 민주당에 돌아온 관광업계 쓴소…,8
난처해진 문재인 정부,8
"급기야… 與, 당 공식회의서 '일본 패망론'",8
"문 대통령, ‘다윗’ 기업 찾아…“일본 수출규제가 우리 강소기업엔 …",8
평양 갔던 조용필·레드벨벳…미국 무비자 입국 못 한다,8
"문 대통령 “일, 임진왜란 때 도공 탐내… 기술력이 나라 살린다”",8
"[단독] 윤석열, 줄사표 두고 ""원래 50명씩 사표···합리적 인사""",8
8년간 아베 마주친 전문가 “일본 ‘화이트리스트 도발’ 배경엔 경쟁…,8
"[단독] 외교부는 협상 시작 안했다는데… 트럼프 “한국, 방위비 증…",8
"[속보] 문정인 특보, 주미대사직 고사",8
"나경원, 악플러 170명 고소… 누리꾼 ""나베가 그런 뜻인 줄 몰랐다""",8
"한밤의 대남 경고장 날린 北 ""고단할 정도 대가 치를 것""",8
하버드졸업 후 육아중이었는데…20대국회 막차 36살 정은혜,8
황교안·나경원·유기준 '언중유골'에 몸 바짝 낮춘 윤석열,8
"문준용, ""文씨 사업 문제 있나 확인해보겠다""는 곽상도에 ""해보라""",8
"[텅 빈 대마도 르포] ""도시가 무너져 내려…"" 당혹 넘어 충격(하)",8
日 기업들 반도체·소재 韓 ‘우회 수출’ 추진,8
"조국, 백팩 메고 적선동 사무실 출근… 청문회 준비 매진",8
러 군용기 또 무단진입...일본이 먼저 공개,8
박지원에 백기? 심상정과 연대?…의원 4명 남을 정동영 선택,8
'문정인 주미대사' 미국이 거부?…정치권 '술렁',8
北 “사거리도 못 밝힌 청와대 웃음거리” 조롱·막말,8
"[인터뷰]박형준 ""황교안·안철수·유승민, 결단해야 총선 살아남는…",8
"황교안 “국민 생명 김정은 손아귀에…文, 대국민 사과하라”",8
아베의 수출 제재 폭주 앞장선 최측근 4인방,8
"한국인 아버지와 딸, 크로아티아 여행 중 숨져…부검 실시(종합)",8
미사일 쏘며 南에 조롱 퍼부은 北,8
"김현종 ""우리에게 진짜 영향 미치는 日 전략물자 '손 한 줌'""",8
"[속보]文대통령 “광복절 앞두고 결연…日경제보복, 감정적 대응 안…",8
"靑, 日보복 상응조치로 D램 첫 언급…“日전자산업 패닉될 것”",8
"'日 백색국가 제외'로 반격한 정부… 팔짱 낀 日, 손 내밀까",8
"""朴, 하이힐 3켤레로 버텼다""···참모가 회상한 靑 떠나던 날",8
"[속보] 문 대통령, 日도쿄올림픽 ‘독도 표시’에 대처 주문",8
둘로 쪼개진 ‘DJ 정신’… 평화당 탈당파 손학규 손 잡나,8
"韓 '백색국가' 명단서 日 제외…""아베 내각 소통 부족, 사태 더 악…",8
日 가장 아파하는 후쿠시마 거론…도쿄올림픽 보이콧도 배제 못 해,8
독일 간 뒤 아무것도 안해도 상한가···한국당도 탐내는 안철수,8
"""세월호 밀회? 비애감 느껴""···전 靑비서관이 전한 朴의 발언",8
"해명나선 조국 ""20대 청년에게 뜨거운 심장 있었다...부끄럽지 않아…",8
황교안 사람들 '친박' 색깔 더 뺐다…민경욱 대변인은 교체,8
"최기영, 아파트 2채 등 106억원… 조국, 56억 중 현금이 34억",8
"나경원, 광복절 경축식 왜 안보이나 했더니…中충칭 임시정부 찾아",8
"조국, 10억 신고 아파트 20억 호가 … 장남 5차례 입영 연기",8
대통령 경축사에 나경원 “文정권이 대한민국 흔들어”…보수 야당 혹…,8
“문 대통령께 격려를!” 뜬금없는 유도에 혼자 박수 안 친 황교안,8
